-1.268525018529736981e+00,-2.214554162859664110e+00,6.455272061955946050e+00,1.689354201040747849e+00,3.470670380501477137e+00,-1.419463597621523299e+00,8.662990373832629709e-01,7.780399925543728390e-01,-2.885345035067720332e+00,1.074413257507606545e+01,-1.225477724877954255e+00,7.020199027304078854e+00,-1.251320135948807977e+00,-1.732709376347865149e+00,5.091856459292650960e+00,-3.686187666247197292e+00,-2.388194537752689861e+00,7.031456446054810350e+00,1.000000000000000000e+00,5.572650269623241392e+00
-8.858815179782365545e-01,-1.514411462200954794e+00,-3.717659505709960399e-01,3.337223653044772975e-01,-1.076986018352846242e-02,8.599025311142295402e-01,-7.323606040341015255e-01,1.371244092893713740e+00,-3.946699761166749809e-01,-4.854542749403943702e+00,-1.454095806887269582e+00,-1.218903107389061713e+00,5.702679575303497561e-01,-1.243302969661651547e-01,-2.925341688143003327e-01,2.023457658364342659e+00,1.321937427790962072e-01,1.360642722306071306e-01,0.000000000000000000e+00,-3.432675547150580431e-01
-4.287948914460776306e-01,1.394791364361841035e+00,2.992734666606300387e+00,1.827861495027852667e-01,2.714784723790300003e+00,7.683214074184454567e-01,1.729669622026512865e+00,3.039710178087443593e-01,2.441430736061946050e+00,5.236543700381647959e+00,1.810968392457024123e-01,2.899422476018310491e+00,-8.600631066294415206e-01,-1.959455402005493507e+00,1.949410292806300848e+00,-1.884436410824480435e+00,-2.526260806455183916e-01,1.901636317553856870e+00,0.000000000000000000e+00,3.959030948640393177e+00
1.426295745863893405e+00,9.370657851781110104e-01,1.092051324493114706e+00,-4.907542632890620204e-01,-4.150124048187952552e-01,2.021189027129904059e-01,-6.069885564490674901e-02,-5.576228923300287077e-01,3.124630138570879678e-01,-2.589410512511126417e+00,-9.058407076354921816e-01,6.152612960646942908e-02,-3.658396693660672661e-01,2.983632177846700095e-01,6.260702191362300661e-01,2.061185446540586774e+00,-7.969119530929906770e-01,1.081778793075367950e+00,0.000000000000000000e+00,9.040926956563999362e-03
5.921506752629336345e-01,7.227638361678445644e-01,-5.126418167272841053e+00,2.079234281483842484e+00,-3.800720276608438031e+00,-1.190803185217572890e+00,-5.862440710126473054e-01,1.179706198366210490e+00,-5.675265571971694900e-01,-6.069498446685901882e+00,-7.844828928799620904e-01,2.868620093348731803e+00,3.568364575487002810e+00,2.835410664132066660e+00,1.602250410000527703e+00,4.635810117471022451e+00,8.597132768130040514e-02,1.942836913957324496e+00,0.000000000000000000e+00,-2.687947228673623457e+00
-9.592961050233808629e-02,-1.323662796436855249e+00,4.227821163838509477e+00,-5.003573852224636465e-01,3.931761525511730859e+00,-1.146104296785968923e+00,1.574925019768224299e+00,1.023840460651229467e+00,-1.215559285649736587e-02,7.510927778483174500e+00,-2.148815747293783218e+00,1.059699600899971283e+00,-3.142675979860248603e+00,-3.063204737493955943e+00,-4.156415371516872792e-01,-6.196414817777322170e+00,7.484062483369771090e-01,-9.092206155959388081e-01,1.000000000000000000e+00,1.182593326589629568e+00
1.538035860701393309e+00,4.984116511102348879e-01,1.037002538202753232e+00,-6.663070610747064970e-01,5.641487166001333264e-01,-1.876260495679594742e-01,1.676882417100672706e-01,8.810489737747363437e-01,-1.932903060725528477e-01,-1.026129735826456502e+00,-9.022046835551791877e-02,-3.353686071018378456e+00,1.032721735384199757e+00,-6.349214113116125047e-01,-1.039614501686503711e+00,-9.698162823663587506e-01,2.206019143007984795e-01,-1.217013284921609984e+00,1.000000000000000000e+00,2.178253706699251335e-02
-3.334867354218979396e-01,-1.288631048215780339e+00,-2.766870764276796457e+00,-7.650360581453469200e-01,3.208665975913833623e-01,-1.019093051850026077e+00,-9.375963382988115047e-01,1.239680986811567243e+00,-1.982996274882778742e+00,-6.079479995750170396e+00,-1.223865733495519859e+00,-5.200420705440436997e+00,-8.912784748500470755e-01,5.568336490546935691e-01,-3.211385320072613236e+00,9.119965960721019282e-01,1.483788849077490868e+00,-4.594025802653451507e+00,0.000000000000000000e+00,-1.276365104465613687e+00
-5.445926152237732243e-01,-2.044351406823937886e-02,-1.588024896407554065e+00,3.927853838099815698e-01,3.056094515238014786e-01,-3.086760052788004027e-01,-3.109584940605310543e-01,9.119664811645955549e-01,-1.333283670868205428e+00,-5.463786821656546167e+00,-1.392205682219408658e+00,-3.980646126782859451e+00,-1.747369269903795708e+00,-1.153736744629356159e-01,-1.774018076463947935e+00,9.575097655129479746e-01,3.694467165573818157e-01,-3.838369720447404543e+00,0.000000000000000000e+00,-2.755497123327694808e+00
5.385897463373993110e-01,-7.718038673711334896e-01,1.070800175439610813e+00,-5.362352646625553193e-02,-5.143234208076303826e-01,-1.682333920485745982e-01,7.168097847748703400e-01,1.455973606169942869e+00,-1.346103617394436069e+00,4.859413130300098693e+00,-1.062448700393914480e+00,4.284924788579433930e+00,-7.612046008879040926e-01,1.569897747611429528e-01,2.968451690188473879e+00,6.469550377714414768e-01,-1.121978989112015768e+00,4.178910740172384841e+00,1.000000000000000000e+00,8.100114404869656060e-01
2.756797543568554887e-01,-9.932965995609904786e-01,3.143435237922818537e+00,5.957575073679481636e-02,7.405567506064619776e-01,-8.846141088730060664e-01,-3.392074132474276471e-02,4.247391451643752758e-01,-1.810893583841206578e+00,3.714859078647321233e+00,-2.379864176337015691e-01,-6.596819301655252321e-01,-1.999068079754637295e-02,-1.056007576804197212e+00,-1.269073112422764993e-01,-2.649299206598446865e+00,-5.922974711870004905e-01,4.637526961215752697e-01,1.000000000000000000e+00,6.457928959828080906e-01
-4.047093845677371404e-01,-1.608115191222886153e+00,-6.367159959995847274e+00,-1.442400762289013150e+00,-4.912560516034861990e+00,-3.259943457317384108e-01,-2.605253131825521429e+00,1.017575204163547464e-01,1.055600740245633551e-01,-1.737028658661762393e+01,8.612332187398691330e-02,-3.869257463177113721e+00,2.199786871610003747e+00,3.807534402631830073e+00,-1.939537678718881164e+00,6.707158174025683373e+00,5.678056715832792423e-02,-4.399063835930770772e+00,0.000000000000000000e+00,-4.145450597387872804e+00
1.194708794073450653e+00,6.477814364132562508e-01,2.253915321285780315e+00,-1.005549928078710159e-01,4.395336889186419183e-01,2.558761165654512837e+00,1.346596255259795150e-01,-1.621485112907411041e+00,1.951687213633600981e+00,9.966998219864230180e+00,-1.376293260447344902e-02,3.743070381638267996e+00,-3.911029998417944187e-01,-4.373338256475755026e-01,1.959547614936165028e+00,-1.695596108555966097e+00,-1.198101729803960902e+00,4.840473798984327836e+00,0.000000000000000000e+00,4.213668352487078828e-01
-1.374376997411360435e+00,1.557808606752176528e-01,1.737106569887077123e+00,-9.935865358766413635e-01,4.475044271223831416e+00,4.198658760993824735e-01,1.403283545462725046e+00,-1.285070316441986993e+00,4.347682153598458887e-01,1.886273619859620609e+00,8.407626958943742457e-01,-1.185462302058706507e+00,-2.965266157122270929e+00,-2.879869153445037355e+00,-1.407213475958115856e+00,-3.255250166262541711e+00,1.033695478160127967e+00,-1.674911906878874035e+00,1.000000000000000000e+00,1.193590496935051926e+00
5.102267559265006858e-01,-7.444908506855217878e-01,7.980805574443992967e+00,-6.154770461414599270e-01,6.390046004158813631e+00,-2.615542704627949466e-01,2.489943781946660550e+00,-9.688753647943981751e-01,7.867170867331941819e-01,1.742290583141138782e+01,-3.733961106817369480e-01,5.260011247187236449e+00,-4.029737164386356874e+00,-4.467053845454670657e+00,2.676762070145822570e+00,-7.755406524514404154e+00,-1.019755858053024156e+00,2.834755834873011082e+00,1.000000000000000000e+00,4.874997562772657389e+00
-7.491920207507958285e-01,1.468554195061682943e+00,1.532239401146121782e+00,-1.805976836841710342e-01,8.436213826787100079e-01,2.093595297126724653e-01,6.811735986458672398e-01,8.644154822347938083e-01,4.445687632192473204e-01,4.096437711290460193e+00,-8.933947639680890340e-01,1.560876099447691123e+00,-2.136875462381389035e+00,-1.060166795393444605e-01,1.547223793271287895e-01,-7.501212005179604958e-01,-6.920582540927767978e-02,1.716229133202532342e+00,0.000000000000000000e+00,1.280072764625387771e+00
-7.661698871150802725e-01,-2.227253554183349082e-01,2.357353780171040913e-01,-6.807733842132236424e-01,1.574542616874821999e+00,1.246538783146218243e+00,8.341268925325084904e-01,-1.469711645652482801e+00,-1.604168310491330685e+00,1.929661731293035754e+00,5.851450642567570526e-01,-2.382884652648656676e+00,-7.048109569294697119e-01,-1.251104910054351871e+00,-9.454522788341817030e-01,-1.888952116795543867e+00,4.399291547648823131e-01,-1.781079481157675559e+00,1.000000000000000000e+00,6.946046250661460641e-01
-5.319063677454932693e-01,5.913382659419618159e-01,1.535978353719370748e+00,-6.966534289360225563e-01,2.808286484513236481e+00,6.542188937135081650e-01,1.199945839606451736e+00,1.183644235043552317e+00,1.183105209406786873e+00,6.982606733230182883e+00,-1.370718547984608460e+00,2.583056067053461025e+00,-3.242922722655584788e+00,-2.250996323716739411e+00,3.307056232874981960e-01,-2.258773719668630164e+00,-5.969713509616277891e-01,1.384177066670254419e+00,0.000000000000000000e+00,2.035847318184181631e+00
-7.538166523891409732e-01,-3.049044652646851206e-02,5.996608217969319199e-01,-1.303200934528846666e+00,5.914512798667365123e-01,2.278741135406391616e-01,-1.261883793572911694e+00,1.260534280213421177e+00,6.566634021543688027e-02,3.890641342515366308e-01,-4.987362199604026824e-01,1.244906352577987541e+00,-8.918005076798753983e-01,-1.761510419033016639e-01,6.433060823782041915e-01,-8.951396771317616796e-01,6.204184741565339778e-02,7.246877335821555466e-02,0.000000000000000000e+00,3.902408575503267807e-01
-4.128612379207598909e-02,4.798748953192933514e-02,-1.940473117405902004e+00,-1.047206021410002963e+00,-1.234640240255501453e+00,-1.069826153108946132e+00,5.544084569183141964e-01,-1.004400691034830206e+00,-1.650134332079600252e+00,6.273764044845207000e-01,1.383682375002729670e-01,1.408980436145262694e+00,1.719675822817208211e-01,1.128200940667264840e+00,1.056207202906269904e+00,7.525377504995787170e-01,-8.328041851630166859e-01,1.397782512251749765e+00,0.000000000000000000e+00,-4.555420474185279955e-01
2.358035158066588977e-01,5.150491133834397273e-01,-4.296117776560191004e-01,1.004294667770057936e+00,5.141458685930009320e-01,-6.202045973285703617e-01,1.869997084745010696e+00,-8.431406139078185813e-01,-1.676926312063394597e+00,7.929507666976919111e+00,-2.509329691798009576e-01,2.996346140178224093e+00,1.058206860698296392e-02,-1.401449416825735650e+00,1.807565707051624893e+00,-2.443858744414235229e+00,-2.004888855687441962e-01,1.330428073796858790e+00,1.000000000000000000e+00,-4.924562792653301435e-01
6.679932623508471057e-01,6.470952965384249023e-01,9.917006520441137285e-01,2.520629719602544228e+00,1.562947584108281607e+00,1.990333625028842590e+00,6.554443050885311317e-01,-1.533485024196201030e+00,2.450757641204017734e-01,-1.107498979187844679e+00,6.270744997336302751e-01,-4.687215138875638232e+00,-6.066033144720195391e-01,-1.228208442552533475e+00,-2.078446987549438241e+00,-1.378097108904055901e+00,8.131338099935456754e-01,-4.565227140987469845e+00,0.000000000000000000e+00,-1.156375496265570346e-01
-6.107470470256782802e-01,2.202953597042458522e+00,-9.175577767699002463e-01,1.478419964647028184e+00,2.236046977943423331e-01,-1.419508327873940212e+00,-2.079972048127256001e-01,-2.997226570197956685e-01,-1.525227242807094319e+00,-4.418591273555176002e+00,3.379814942811845691e-01,-3.983915939301355902e+00,3.689742003913459301e-01,-1.332643988976389138e-01,-2.398004254290177162e+00,-5.239411105063175311e-01,4.954562873577951776e-01,-4.282477040546022629e+00,0.000000000000000000e+00,-6.972284633337554327e-01
-1.573546011525719379e+00,1.044884025105736330e-01,8.870078064029758291e-01,1.248355923050513905e+00,6.797441286712194719e-01,5.550055360035779373e-01,7.994045569496512904e-01,-5.710569449018328969e-01,2.706988354405674979e+00,3.797719326336208123e+00,-4.248918502111095896e-01,7.826168103533605702e+00,-1.188466721484114919e+00,-5.171106775406416611e-01,3.931452132630977481e+00,1.938772428804441228e+00,-1.835649092221032230e+00,4.507798950110386116e+00,0.000000000000000000e+00,1.476088501041532552e+00
1.476586427002163804e+00,-8.573339089477740593e-01,3.340449970483331921e+00,7.175584262292892257e-01,9.468503613157757126e-01,3.717084658701566013e-01,7.134184146151107964e-01,-2.155575651387825253e+00,-2.766552343146363446e-01,7.271640594857258222e+00,1.166844986153569907e+00,2.635324025045786112e+00,6.727839129180240851e-01,-1.176690866289866078e+00,1.782991596009214419e+00,-2.836548067711841981e+00,-8.908262300039291315e-01,2.540186129245735724e+00,1.000000000000000000e+00,2.259471879697459773e+00
4.393602538111863187e-01,-1.541933037030956077e+00,-3.042019443173784587e+00,8.054219902394598174e-01,-2.404841082779179295e+00,-1.548030398980573263e+00,-1.769545596937730225e-01,6.224543229332984984e-01,-3.050041777818560007e+00,-4.497705546518846020e+00,-1.512707959018385617e+00,-7.740657938815695971e-01,3.155217616027838012e+00,9.618037635792309192e-01,7.455385049723112223e-02,3.098908300857184717e+00,-2.034874551288426703e-01,3.563165725804472439e-01,0.000000000000000000e+00,-2.650496938996584895e+00
7.214286843767119262e-01,-7.719556033309313836e-01,-1.729703282510541840e+00,-1.914282950438604081e+00,2.602150579125080299e+00,-1.548553958203241487e+00,2.031399369258957976e-01,-1.696367261774544222e+00,-2.607731423048761599e+00,-5.494675605634158355e-01,-5.928267136778888613e-01,-6.394710895529279959e+00,-1.510011545790479248e+00,-1.914703810363151071e+00,-3.371760077211422235e+00,-2.287496222153448500e+00,1.309846802609419880e+00,-4.937119186299578466e+00,1.000000000000000000e+00,-1.602643235711446845e+00
-2.885587868391879529e-01,-1.651663719452406864e+00,1.527506226982365822e+00,2.014727371838876735e+00,-1.918607742426259311e-02,-1.241067363163566029e+00,-1.754618541317510272e-01,-1.630208339402899054e-01,-1.127275247838445571e+00,8.278858540672839439e+00,3.691561631871988491e-01,6.057843756934409463e+00,1.356860215890279553e-01,2.577175320631966970e-01,3.706798559247129976e+00,-1.627475488088135691e+00,-1.760798075284307096e+00,5.317623594553396948e+00,1.000000000000000000e+00,9.199092064058767004e-01
-8.546470307330317207e-01,-9.332833136222492554e-01,9.518072078151514903e-01,-3.127655993229155884e-01,-5.859029902855962257e-01,4.377002282313639525e-01,9.383403785982295103e-03,7.450564943584389033e-01,9.799391875969535315e-01,1.132224960147051318e+00,6.182831279689386672e-02,4.262435808404177351e+00,-2.945352415456551909e-01,7.221131407656544710e-01,1.466511252871366411e+00,1.408369348736575155e+00,-1.307390639026958290e+00,3.784175109650716351e+00,0.000000000000000000e+00,3.203644679577167809e-01
-1.670413374726457567e+00,3.335496795931581215e-01,-1.575117623821044033e-01,-1.392525567267795417e+00,-1.668007419610350039e+00,6.447972448906647003e-01,4.720022821653515610e-01,-5.609605614920585293e-01,2.611069659048798064e-01,1.202298966293593729e-01,-2.603979602890932887e-01,4.209732797058968856e+00,1.245307263807358567e+00,9.204173352001964181e-01,9.433651047869415773e-01,2.154140729194105930e+00,-1.272382784502498199e+00,2.290457926731320093e+00,0.000000000000000000e+00,1.066695996008503844e+00
-7.738944178539642893e-01,-1.848199602663352481e+00,2.548776901455204857e+00,-1.243183299548855647e+00,2.698775112047238967e+00,9.964895911018981645e-01,2.250863336681362181e+00,-5.590829359287812217e-01,5.009706665025281946e-01,8.850035121761413492e+00,-7.691595954149818004e-01,-8.762217420276510182e-01,-3.816704081808430793e-01,-2.583580795676692077e+00,-8.131733055733640914e-01,-4.963057211090301735e+00,5.430969200110114664e-02,-4.548516802409290904e-01,1.000000000000000000e+00,2.330960533643888777e+00
3.543550006669374253e-01,-1.230154905251254815e+00,-2.208302548752127059e+00,-7.662370915964154816e-02,-4.070445482996583042e-01,3.194332633071593763e-01,7.156449948720167153e-01,9.274694135479559787e-01,6.320369335372848507e-01,3.990918726273865458e-01,-9.236459108123511452e-01,1.097730612497506364e+00,1.275685075232614041e-01,4.016886572207732931e-01,4.883343773240159114e-01,2.597581594618378897e+00,-1.070892418574019567e-01,2.371698840274401920e+00,0.000000000000000000e+00,-5.713383427515603685e-01
3.190811949743042608e-01,-1.051551811706736173e+00,-8.580048048980447595e-01,-2.485845481180101846e+00,-8.612080565305340052e-01,4.752284535361231965e-01,-4.282106112387751296e-01,-1.772352637494647221e+00,-1.878682540561305014e-01,2.473190065372271818e+00,1.639661980365825888e+00,1.390105984987314969e+00,1.152688430780990148e+00,9.113431813515183721e-01,6.664906759946473969e-01,8.702465432850871041e-01,-6.354795028456661221e-01,4.499540391165581354e+00,0.000000000000000000e+00,-2.877846595335002977e+00
-1.324252957012599374e+00,-2.545402624229167743e-01,-3.124813162969846569e+00,-6.328613728429307583e-01,-2.466370715825716875e+00,1.653919074972074743e-01,-9.953082728508367838e-01,-1.537020283790558661e+00,-2.632555007783331513e-01,-1.056087976182873511e+01,1.558655412375099747e+00,-1.755260276844883283e-01,2.453390581188009456e+00,2.006456301826295974e+00,-9.126698933671213432e-01,4.352318084602472936e+00,1.997349438163567859e-01,-1.897207539739015791e+00,0.000000000000000000e+00,-1.351119810747310801e+00
-5.510657334030305554e-01,7.607705967575378869e-01,-8.048142825489753571e-01,1.136092647031101910e+00,1.843023212827004764e+00,4.514039028481619531e-01,1.483660874545836839e-01,4.803738563346066748e+00,-3.455192557419992649e-01,4.226730828623035396e-01,-1.476871889036164509e+00,-1.161573757883457070e+00,-1.399433302734945261e+00,-1.681390383157601864e-01,-7.048158706140215113e-01,-1.320928682303283752e+00,2.245167707238825694e-01,-1.601838904047039991e+00,0.000000000000000000e+00,-1.088216896366942299e+00
-1.688589432790692790e-01,-1.097118562257257263e-01,-1.704426258771286617e+00,-1.505803240009158328e+00,7.330579605979022917e-01,-6.552897937159123387e-01,-1.702449781710189958e-01,-1.314683509928331828e+00,-1.410126521872245853e-01,-6.067606645826290723e+00,-1.470111848268651766e-01,-3.002468535774394987e+00,-3.455436989737257769e-01,-4.403144839754263296e-01,-1.888543338667387328e+00,9.669247406873221484e-01,6.196833757078602511e-01,-3.680728998713411748e+00,0.000000000000000000e+00,-2.213405813123057619e+00
-5.090104362947402983e-01,-1.424228844370724204e-03,-1.371395391343153580e+00,5.474107197446383966e-01,-5.464114253423242751e+00,9.436004852637274176e-01,2.765979882113740462e-01,-1.470913789690737161e+00,-9.889923697031701710e-01,-2.370355342853902147e+00,1.702779095432850331e+00,-1.740703837326296188e+00,4.530569004821369816e+00,1.722915560989312311e+00,-4.181701424750504104e-01,2.335470243094080356e+00,-6.414677954475629662e-02,-4.555831585511255222e-02,0.000000000000000000e+00,-1.052448791663680217e+00
-9.048548705561426653e-02,5.102149023441131526e-01,2.599425026926674320e+00,6.422078989592442388e-01,-1.287850233852955162e+00,3.331439483807752677e-01,-2.948271701133882150e-01,1.554733909815528170e+00,5.789500605665384159e-01,1.929450133145705903e+00,-7.780326195713324067e-01,5.446604542577607511e+00,-6.442315214534741763e-01,1.078098784038211022e+00,2.877629320262008683e+00,1.722636744743649917e+00,-2.399503464268185393e+00,6.354942473693975913e+00,1.000000000000000000e+00,3.536490974469592707e-01
-8.633723286061881774e-01,2.062907677577040744e+00,-4.744733137854973748e+00,-1.262575460997946486e+00,-6.404371932370351850e-01,1.805724889484864093e+00,-4.860006393033288186e-01,-2.101723499556515939e-01,8.702562037967056519e-01,-4.053269437623948868e+00,-1.580959795782175492e+00,1.394119458015730117e-02,-4.650206449043675638e-02,6.989545628035660485e-01,5.058506778820557326e-01,2.363849920738210209e+00,8.239519429287780472e-01,-1.671345999495527646e-01,0.000000000000000000e+00,-3.127685789055115517e+00
1.064643985919168978e+00,8.637873024786757448e-02,2.078830511883956511e+00,-9.668561868296301487e-01,-1.188363139001690216e+00,-9.821142179381218140e-01,2.740241019619170659e-01,-8.013825673577086306e-01,-9.889604485452375693e-01,3.263353005957483344e+00,3.316750262046546105e-01,2.822052217867446089e+00,-4.971315416884869443e-01,-2.089353599514358895e-01,2.281545196706830314e+00,1.523215803215779984e-01,-5.442111221812762079e-01,2.393462689389354914e+00,0.000000000000000000e+00,1.373807139250297515e+00
-8.231425025032221843e-01,-5.611354076326405815e-01,-1.091634505718269699e+00,1.113368660225686757e-01,-3.085744553336461360e-01,-4.151964328109521846e-02,-2.592070303658078334e-01,2.421794329970325066e+00,-1.572825357040207983e+00,2.700340272787637996e-02,2.161329478068821919e-01,-2.818625457696426473e+00,1.447688818705677782e+00,-3.261635601242545701e-01,-2.167787997311433124e+00,-1.533755166890965471e+00,4.454739138756588779e-01,-1.120046373163045894e+00,1.000000000000000000e+00,-2.319400357313365024e+00
6.838023468551955586e-02,-3.010341872764801807e-01,9.730581764428669622e-01,1.018607260534149184e+00,1.595004534056517986e+00,-2.069234792358205233e-01,1.147512113175879866e+00,-6.667285448812230175e-01,2.068261764177478312e+00,4.669740905217475202e+00,1.935872727149929640e+00,-6.191265502732021808e-01,-6.178585203791853164e-02,-1.303275343264635122e+00,-1.900372880807865150e-01,-3.176730962062313424e+00,2.577326244585954607e-01,2.963691575611057116e-01,1.000000000000000000e+00,2.448928847928538488e+00
2.538414492638915894e-03,8.138354901079223325e-01,-4.660929957135728774e-01,-3.969379259631750312e+00,-2.330568571245754672e+00,-1.321650999524841108e+00,-1.053497441960142389e+00,-1.697092312762891464e-01,4.080485852791926327e-01,-1.667421710353020448e+00,-1.236019843707285432e-01,2.892378841313860693e-01,1.840019538873127747e+00,2.899149693146279017e-01,2.695237732221849036e-01,1.202373111358988833e+00,4.689820490997806401e-01,4.571141023969685357e-01,0.000000000000000000e+00,-5.362404338938859816e-01
1.665068559298485518e+00,-3.110254399176966555e-01,-8.751024402551723647e-01,2.870074883821660539e-01,1.198384230677459694e+00,2.891024743169534617e+00,-4.524399944828423892e-01,-1.650254978968326736e+00,1.878930112658371065e+00,-7.541582772807468693e+00,-4.829692840659109698e-02,-4.693326065407195102e+00,-1.832495640576404128e+00,4.129869050025128940e-01,-2.411411684023651247e+00,9.608694386978862134e-01,1.069509653562633167e+00,-5.197356960456779973e+00,1.000000000000000000e+00,-2.088068754476184452e+00
7.392884906831162506e-02,-1.125334704792654739e+00,9.003837739681278540e-01,3.320357933612630985e-01,1.798924101251913044e+00,9.762688109831448857e-01,-8.427334848986220428e-02,5.369261187253281387e-01,2.701452218094293034e+00,3.267990152409811611e+00,1.374157511020498903e-03,-4.870553429606135909e-01,-1.426396272585118918e+00,-1.517009372818452606e+00,-1.000748525962887325e-01,-1.430210929929678354e+00,3.591806749283295574e-01,8.402091604685226756e-01,1.000000000000000000e+00,3.255733232193681048e-01
-1.353724313129641699e+00,-2.971940686762487016e-01,-1.975780505176144786e+00,5.349261777210397861e-01,1.310031616473622762e+00,1.685467411116228886e+00,-8.011079341760917183e-01,-2.217855067203487462e-01,5.314054574796616137e-01,1.058454828898611533e+00,4.507083857718135328e-02,2.193764173757070335e+00,-1.114180385602774770e+00,-5.005103207955885480e-02,9.509134674086776595e-01,1.094429690733788457e-01,-8.069814385617969377e-01,1.783643318733707517e+00,0.000000000000000000e+00,-2.228332514648845297e+00
2.391743419921487646e-01,-3.070676311705101136e-01,2.218958464991921398e-01,-2.046265487049389709e+00,1.158044472898414501e+00,4.029741322127025627e-01,-2.562131484597695574e-01,-5.864939126030570549e-01,7.541220503141129461e-01,1.154385547635084830e+00,1.779472034517171064e-01,-1.344279913083307409e+00,6.900905878805507765e-01,-1.050110561478161397e+00,-1.491262631510237302e-01,-1.774372476870745619e+00,3.364560740523618310e-01,3.209119000224918139e-01,1.000000000000000000e+00,3.771721560375678739e-01
8.050674410177816043e-01,4.485917247464207142e-02,4.631693384733883700e-01,-1.013001915628624738e+00,1.204570296842188970e-01,-9.667350781554815420e-01,2.629450633668475867e-01,1.062772376481532222e+00,-6.561500185987482192e-01,3.249529068700471424e+00,-1.154214449305736023e+00,1.829825337530851304e+00,-8.433547593648317298e-01,4.654282298788018357e-01,1.038928264845042193e+00,-3.608864765880264169e-01,-8.762894239497857063e-01,1.377798103299410215e+00,1.000000000000000000e+00,1.122550524884071255e+00
-4.699223663901213599e-01,-1.226870646866594916e-01,-1.105585199336893698e+00,3.364898183128262055e-02,-2.811159925089739442e+00,-4.007777591447573839e-01,-8.537116325622383650e-01,5.541325074382756899e-01,-1.663227290885869625e+00,-3.722466239798569720e+00,2.985193250774906271e-01,3.756576570367346157e+00,2.263281962393066671e-01,2.394863546163521484e+00,2.438727369950332680e+00,4.406168512915635382e+00,-1.466308377090943749e+00,3.487710592878515925e+00,0.000000000000000000e+00,-1.425351828071472760e-01
-5.756562263027068665e-02,3.318015907805444975e-01,7.236794698841872986e-01,4.711357629125562663e-01,3.902436380216952605e-01,-7.787089129981545899e-01,6.963553387750576196e-01,-2.495615799048283456e+00,3.176293224867003939e-01,2.770915441968077264e+00,1.579931236948755924e+00,1.861274566410665354e+00,-1.053941463072247231e+00,7.371174022082505051e-02,3.367454221249531754e-01,4.679178364799833068e-01,-8.888589439141293680e-02,1.623456667789413777e+00,0.000000000000000000e+00,5.158844867695900893e-01
9.066714596006773819e-02,-2.231038023404646076e+00,-4.033233064108178390e+00,-2.540669029638660814e-01,-3.830603777857938042e+00,-8.403734267267876090e-02,-9.726986840203429019e-02,-4.565640832995460086e-01,1.866245589825815454e+00,-8.425470048342095453e+00,1.884621024808009748e-01,-1.629655244670619840e+00,1.974766328224075274e+00,2.562382297583776669e+00,2.169769541212690500e-01,4.801962191788693879e+00,3.894811637483000522e-01,-5.881804554274019381e-01,0.000000000000000000e+00,-1.773908399486422649e+00
-9.864135960291127436e-02,-5.904398539468832530e-01,-2.276806634562795750e+00,1.230902517409539154e+00,-3.588226497424179318e+00,-1.942800198544946400e-01,-1.562348311073615159e+00,3.225673160713441456e-01,-5.120461117228745085e-01,-7.072189729974193817e+00,-9.559746192141895804e-01,3.025902186481250755e+00,2.041527601930267277e+00,3.107423069779407854e+00,1.482023780604801555e+00,5.639413519525792395e+00,-8.251060739379335596e-01,1.957927227238722478e+00,0.000000000000000000e+00,-1.851904898328601279e+00
-1.583206249856381698e+00,2.080824778730954727e-01,-3.710227157262535047e-01,2.581897664688055649e-02,1.207994256876305350e+00,-4.247099694482737720e-01,-1.347793541304967702e-01,1.560985098964781770e+00,9.877187827420303989e-01,1.854705152441342708e+00,-7.810342671734314957e-01,1.649078568327861483e+00,-2.917797642998989360e+00,1.128435528636752283e-01,1.040496204606264019e+00,4.406465074281249450e-01,4.023428950381748859e-01,1.232520229835144754e+00,0.000000000000000000e+00,-8.037617038594172536e-01
4.970869895610238731e-02,4.771524619288906033e-01,-2.526121760742821909e+00,3.160186248412759635e+00,-4.052303851884763830e+00,1.398290714272605317e+00,4.812148695062436476e-01,1.216735501738839265e+00,-3.789782907188476990e-01,-5.886883237341775654e+00,-1.029991164359477462e+00,-2.148126120800852856e-01,2.546386615682829646e+00,2.298824944835017980e+00,-7.401345714521145869e-01,3.670204963194970027e+00,4.324366549075822630e-01,-1.143302444420381647e+00,1.000000000000000000e+00,-1.831530358110164070e+00
-1.326161139891005591e+00,2.020154697233077723e+00,1.290763455759892597e+00,1.014337228117451195e+00,-9.277492424285977979e-01,1.254224053953234552e+00,-1.977115231299326314e+00,-1.648210218816106298e-01,1.200278356817479075e+00,1.715068844259843406e+00,1.648823391070695310e+00,1.035006794846626832e+01,6.790246681661833428e-01,1.121866390804694857e+00,4.819116303680043956e+00,2.003744200222769223e+00,-2.020009731656735585e+00,7.550295653969694598e+00,0.000000000000000000e+00,1.123126925451150893e+00
2.010008281845550915e+00,-1.770997676557559686e+00,-3.762521983262240077e+00,-1.857090808710509577e+00,-4.790919268435769318e+00,-5.920434055879336688e-01,-4.559440830745640216e-01,8.739080053212312515e-01,-2.046586295427088587e-03,-6.143080766397717163e+00,-1.955011020870031757e+00,-4.312401925256444279e+00,4.918183944254679751e+00,2.588737735390330919e+00,-6.103660419877521282e-01,4.792687360172770639e+00,1.384812628387449007e-01,-5.162984453123257156e-01,0.000000000000000000e+00,-3.136251330629729051e+00
-1.187857975325560034e+00,5.751532826730219039e-01,3.323963705534912272e+00,-1.343619865501556987e+00,5.850034339190490762e-01,-1.074077355155922398e+00,4.229496269449186108e-01,-1.570593425527453624e+00,-2.789245622188430751e+00,1.083137463470722928e+00,1.844250939565479919e-01,1.825637576128487760e+00,-1.066767107363805200e+00,-1.751938667186916931e-01,3.904338821975023022e-01,7.453401792320091257e-02,-8.280988724349764851e-01,1.984301298161707861e+00,0.000000000000000000e+00,1.418237410670983856e+00
8.603521767381940855e-01,-8.166742479015607348e-01,9.410273365076435859e-01,9.471151753146301866e-01,5.106030387039959262e-01,3.426147385105937637e-01,3.473357093916669691e-01,1.951695904564476614e+00,-6.109109641276448954e-01,4.480355714706987236e+00,-1.370435132008765988e+00,-4.005725070800904009e-01,-2.423791188280293163e+00,3.464320712506469002e-01,-3.347696630680195851e-01,-1.419890606834196767e+00,-9.736885794928129556e-02,7.690615191434644338e-01,1.000000000000000000e+00,1.713681146430305891e+00
7.022440895512218617e-01,-2.413890131558009688e-01,4.445527591592021821e+00,1.846696846538400605e+00,1.830208640249638030e+00,-3.075259566647243759e-01,-3.473514616424673296e-01,7.429317184353014802e-01,7.014220968286988267e-01,5.770257168501960798e+00,-1.387189194824234861e-01,4.155928834404758021e+00,-1.828942133490015776e-01,-1.847553481427238742e+00,1.893425395458984584e+00,-3.408982709796181787e+00,-1.463467896859413253e+00,3.763009052719672454e+00,1.000000000000000000e+00,3.474643140898005633e+00
-1.695571412541154954e+00,-6.566790345393122390e-03,1.780467113810920710e+00,-1.968162778560369697e+00,2.483690275187067087e-01,-7.417984398339698693e-01,5.881742065225691318e-01,-5.348544017903448244e-01,8.486968914587644797e-02,5.483376383765777184e+00,-5.458223800941685022e-01,2.317652511943704585e+00,-1.339008920924816604e+00,-8.372655326720574998e-01,6.161347075622420899e-01,-2.444386078708893351e+00,-9.126052776129961464e-01,1.988921282030750248e+00,1.000000000000000000e+00,-2.166405653368734807e-01
-6.415365807172382362e-02,5.460066886770477135e-01,-9.315451026104931698e-01,1.272209504150811243e+00,2.134098926155641784e+00,-1.655786895025822547e+00,5.128535248907380995e-01,-2.852390864508720369e-01,-7.757600158352999653e-01,-5.166827357590674907e+00,7.546129779370133184e-01,-1.019258692879176564e+01,-7.017333697374817936e-01,-2.070214797093074655e+00,-5.375785068722448656e+00,-2.593856955690324817e+00,2.794656454503520848e+00,-9.129855436700605509e+00,1.000000000000000000e+00,-3.112055117819719552e+00
5.231627913505151328e-01,-6.239282724301498106e-01,-5.597539121296657427e+00,4.156645670916215424e-02,-4.795865464145635748e+00,9.170675545891833202e-01,-2.123086645321337063e+00,-1.084266049501547036e+00,-1.545666991391894118e-01,-1.140925004044620650e+01,6.610809344008650168e-01,-4.723644947607326117e+00,3.389782765838678991e+00,3.071896892305921334e+00,-2.410211649544582446e+00,4.346176724626478638e+00,1.607250303991690554e+00,-4.895032153892530324e+00,0.000000000000000000e+00,-3.760296563249479807e+00
-6.700690223748824170e-01,6.531721498904896617e-01,2.250532285882834493e+00,-1.667171204712609711e-01,3.949518939034194265e+00,1.114024346471434557e+00,1.528744879356065178e+00,-4.334775318517924969e-02,-6.754913435046437931e-01,7.306428872955286202e+00,1.395900435072874535e+00,1.429229572173241536e+00,-2.087250317966624635e+00,-2.668508287508830623e+00,1.119812214220509583e+00,-2.715373734096221625e+00,3.741353929937581146e-02,-4.047442709004822614e-01,1.000000000000000000e+00,2.561289569250074116e+00
1.437032915519671494e+00,-1.406682616897916960e+00,-1.810882657278862773e+00,6.157555694930868517e-01,-6.474635527113379307e-01,1.294210514826906466e-01,-3.320621098883814182e-01,8.336369055056758182e-01,6.777840171714093476e-01,-7.330338865168672058e+00,2.442227358041070551e-01,-7.610326104233005040e+00,3.282734374095424013e-01,4.664594103305295114e-01,-3.713374231569293915e+00,2.258379462661557757e-01,1.167364823538877161e+00,-5.469100358025050568e+00,1.000000000000000000e+00,-2.114373600613807191e+00
-1.640140715179973840e+00,-1.397366330140245583e-01,5.029847447813341255e+00,-1.175231573997722462e-01,5.309284692645809045e+00,-1.087329157720771100e+00,1.068426500709201310e+00,-6.063446062305900552e-01,-2.858516357206905667e+00,6.232572913970072292e+00,8.596943522200821419e-02,-1.006706156471164793e+00,-5.700351484036685790e+00,-2.886907366855608892e+00,-1.443626344257374683e+00,-5.889150096726614159e+00,1.334694190904090361e+00,-3.306279221021909187e+00,1.000000000000000000e+00,3.093144217864827183e+00
-1.645357279076567814e+00,5.480442317191520640e-01,-3.107866826023281126e-01,6.340219252049017484e-01,-2.062064364862272736e-01,8.335561712842720627e-01,8.276846098296786192e-01,1.062193553750028219e+00,6.574413027189730530e-01,2.314761518390100470e+00,-2.575876939007641919e-01,2.597625360515822823e+00,1.546530885724471283e+00,-3.965304637172257785e-01,6.891888337004505871e-01,9.399989368910739440e-01,-2.414079697089433207e-01,1.950152631087190613e+00,0.000000000000000000e+00,-1.655840194905260132e+00
1.923880320824938317e-01,2.758239074085786502e-01,1.358860717052035483e+00,1.025035825883061857e+00,2.219748804563735689e+00,-9.508474628339111945e-01,1.245024578894000200e+00,-1.009924075735132876e+00,-1.164779199350057137e+00,6.772851268169871375e+00,7.503276286332014600e-01,-2.055844735907854215e+00,-3.824490857923238951e-01,-2.864346377113645481e+00,-7.464769111900865228e-01,-2.469509800448147274e+00,-3.678142554247554319e-01,-1.869810410484609442e-01,1.000000000000000000e+00,-4.221663522330538765e-01
6.611014362927651600e-02,-7.531409210907408225e-01,1.100983434148682383e+00,1.485069673130821194e-02,-4.312597787251037929e-02,2.045566398326383872e+00,7.600007632613692277e-01,1.347246531358718524e+00,1.984056918659742319e+00,1.870413150462805429e+00,3.058606164576056496e-01,-2.598269541506885716e+00,2.155693570177554363e+00,-7.399633491627576332e-01,-8.156591304557028188e-01,-4.613239840469089970e-01,1.925899929958052592e-01,-9.986585261423314153e-01,0.000000000000000000e+00,-2.637578231451398469e-01
1.230637566942399008e+00,2.590718138065738474e-01,-8.763651217908876578e-01,1.040593085274215568e+00,-7.113939423823811836e-01,-7.084676825360417540e-01,-5.064566130199318200e-02,-2.718413023400642059e-01,-1.328356021410196597e+00,3.331389420024845061e-01,-1.022766482596456861e+00,1.982166757439794313e+00,5.076291125953954486e-01,1.558500890518086657e-01,1.117191662088866888e+00,1.816371856633609005e-01,7.875783772334958854e-01,6.232398503571129345e-01,1.000000000000000000e+00,1.039932411686610436e-01
-7.898837604069713914e-01,1.786691212851731492e-01,-1.611071419878541633e+00,1.414103962032407180e+00,-2.070009169143208982e+00,8.526235260503477464e-01,-7.544464612189167863e-01,-8.792150944635424015e-01,1.439641116709426960e+00,-3.995275135546348722e+00,4.530230705247909606e-01,2.157693894583686323e+00,6.340040378732464399e-01,2.146101207182838255e+00,7.483886879003858184e-01,3.955195756204280322e+00,-2.754891768104059668e-01,6.459189771859862317e-01,0.000000000000000000e+00,-3.876816929450246363e-01
1.909576983612815804e+00,4.736026652631715184e-01,-3.229164891172073393e+00,5.186592210377946044e-01,-1.200968494387906427e+00,1.526573428264628829e+00,-1.661527956382671700e+00,-8.755374962443278619e-01,1.588325555787499788e+00,-4.908093117583018028e+00,7.624294450483445340e-01,-7.108586436192834590e+00,-1.841800018729415900e-01,9.027057575292511959e-01,-3.372418732623348792e+00,1.411711318795507708e-01,6.170412764959471996e-01,-4.448578967140829121e+00,1.000000000000000000e+00,-2.375569455774899197e+00
1.276366114925377770e+00,-2.476871008602350432e+00,-1.828602390328892824e+00,-1.324783518684149730e-01,7.613724325415391347e-02,-1.488187983886740895e+00,-2.300966018481334086e-01,-2.013981491993617645e+00,-1.718963907976231997e+00,1.356644325709490673e+00,1.461020707482437730e+00,1.153288209118510821e+00,2.449011125797012078e-01,6.207106351815311340e-02,7.034742730329285321e-01,1.238925683790617738e+00,-5.947826675619338754e-01,2.652263092688626145e+00,1.000000000000000000e+00,-1.820088428390238988e+00
-1.830125912695305779e+00,7.405955004641614492e-01,1.902951278489568132e+00,1.328797728484347074e+00,1.151241084476976040e+00,-1.625899574681305693e-01,1.091915835705177029e+00,1.165672987907317548e+00,-8.068768179445594546e-01,7.426311979302246513e+00,-1.056281318204661757e+00,4.488023094241789579e+00,-1.942917900678686083e+00,-2.805215469981374721e-01,2.216959509697197461e+00,-1.414182683902644122e+00,-7.031987149231559986e-01,3.408209393447198643e+00,0.000000000000000000e+00,8.096741309800924435e-01
-4.516391277999808884e-01,4.040115378258788553e-02,1.412680604000701834e+00,-4.337272468171201600e-01,1.218071086098566180e+00,-7.513498448963722431e-01,-2.122844404305927468e-01,-2.817152281675803782e-01,-1.405856333255846025e+00,-1.402853819328448104e+00,9.120925855049070163e-01,4.207807433652688278e-01,-1.320833790583476164e+00,-8.017797565080437838e-01,-6.201090157340288789e-01,-1.115670791139603324e+00,-3.363943711828015215e-01,-2.105017361249382213e-01,1.000000000000000000e+00,7.494781220818123035e-01
2.862291527143490111e+00,1.823670056660627425e+00,1.940226743418721256e+00,-1.090566453041159845e+00,2.577222160531387640e+00,6.619454001808239285e-02,6.176882927432368886e-01,-1.520927925137708137e+00,3.293994187688110697e-01,4.430141679306053959e+00,3.052275647649507415e-02,-3.939435852409511885e+00,-2.484981384296698792e+00,-1.831930920513263228e+00,-9.515564671836074240e-02,-4.934493298219375212e+00,3.290871727352950304e-01,-1.177307020902130574e+00,1.000000000000000000e+00,-3.209444149910727351e-01
2.244001911341168554e-01,1.164786003132105341e+00,-2.299574445757397889e+00,-4.828877616447310173e-01,1.632317605424561835e+00,-1.264284684366036471e+00,-5.790912189288407452e-01,4.093444930063288578e-01,-1.294914096813587712e+00,-4.506691353292171520e+00,7.548705056557367676e-01,-4.585437135318843005e+00,-2.235665755996524062e+00,-1.122793168712185263e+00,-2.403125727920041754e+00,7.786090169600634603e-02,1.472591904746684444e+00,-5.070864981656644233e+00,0.000000000000000000e+00,-1.730448765685359325e+00
-1.863095038866299014e+00,3.894932301252773676e-01,8.018396668502634217e-01,1.652351747846734442e+00,-2.268043771326103908e+00,1.806984510401397959e+00,-9.555354966242486370e-01,-7.163941512865151795e-01,1.463131247047387840e+00,1.927770013397379856e+00,-1.195870929336810828e+00,6.025315495539927291e+00,2.361539868039310264e+00,8.031537489459282808e-01,2.384256909719264961e+00,5.913380224945911090e-01,-9.622488311617108936e-01,3.810477462377119373e+00,0.000000000000000000e+00,2.960110408300561380e-01
1.013639485161851095e+00,7.149408031674820974e-01,5.560318013946045745e+00,-1.234073611238882373e+00,5.004118106670650157e+00,-1.017871992151040267e-01,3.277131756702284182e+00,-5.896672787185505138e-01,-6.451986928667561294e-01,9.643359355900313901e+00,7.729117476205673576e-01,-6.754974886206061013e-01,-2.818666477638639645e+00,-4.045226614649665819e+00,2.764644953631089086e-01,-6.151931189618005114e+00,-5.596763016220495102e-01,-1.261996242556274073e+00,1.000000000000000000e+00,3.448227266632157395e+00
-1.082128739112828281e-01,-7.552779762674454167e-01,-1.738027046469572401e-01,-6.874163615261521532e-01,-3.908810171011741774e-01,1.268566257735389113e+00,6.039341073341073507e-01,4.403993006929313725e-01,2.931459308940005837e+00,-8.581384054639897840e-01,-4.400834876899966525e-02,-6.559044162686538115e+00,1.196548347119783084e+00,-1.480053088416211082e-02,-2.829856183584361418e+00,-4.268195668523729891e-01,1.386751977895270382e+00,-4.119261167973983007e+00,1.000000000000000000e+00,3.948497018171720496e-01
-8.523187788078351312e-01,-4.316140752872773545e-01,-3.569168808232602519e+00,-2.190284040066127424e+00,7.365301677271726133e-01,-8.025003851533608623e-01,-1.088906060781436480e+00,-2.264399411420008335e-01,-7.321088035766789570e-01,-2.025361700229173056e+00,1.221682350188482591e+00,-9.256663998969992813e-01,-2.250742470287905306e+00,4.583891709860927755e-01,-1.167148652084756044e+00,7.208256366454429687e-01,1.511988298896008942e+00,-1.234853803798453331e+00,0.000000000000000000e+00,-3.765402546232170522e+00
-1.274707500046818653e+00,7.583852307410702265e-01,-2.897128662736942584e+00,1.255881501235242281e-01,-4.444157134816076882e-01,-1.298941170430592817e-01,6.464563149915483198e-01,-1.846091882962186181e+00,-1.756374044030768466e+00,-3.349619103711049650e+00,7.925369572047704647e-01,-2.353530476741872768e+00,-1.012156399263035578e+00,7.584325763532168141e-01,-2.509700187754303258e+00,1.140896304759445812e+00,9.877469385552398728e-01,-2.760685941107700714e+00,0.000000000000000000e+00,-1.579845882851622640e+00
9.584538254201827590e-01,1.832552065264612950e-01,-3.320438383877875044e+00,-1.491373576592181838e+00,-2.568739519240870628e+00,-1.753802239964959764e+00,-1.605063489324205506e+00,-8.420699346819660036e-01,-1.802230639337863760e+00,-1.328307974587243656e+01,1.929984337927049542e-01,-5.633069466104921652e+00,1.376012306019424480e+00,2.204726735903784984e+00,-2.733452731618803533e+00,3.918815781490242234e+00,1.169562859758342288e+00,-5.415675965924455326e+00,0.000000000000000000e+00,-1.429933265698085432e+00
-8.167762047499006473e-01,-1.552695966235534686e-01,-6.334195658667365336e-01,-1.050740678022542562e+00,-2.488576157555416390e+00,1.200583876540836314e+00,-1.054213968920260092e+00,3.802762140013894454e-01,-2.384305529170519522e-01,-1.421859689171191210e+00,8.443097232649137140e-01,2.636728288631402961e+00,1.458350668669377681e+00,1.402508379315307696e+00,3.170984036457982214e-01,1.160195424958988752e+00,-4.760625126711423016e-01,1.767231480768816310e+00,0.000000000000000000e+00,-5.002000673928392871e-01
5.531286765869440902e-01,8.601372833806136819e-01,9.042888139702912609e-01,2.574161895808697587e-01,1.539830879751892923e+00,-1.244548733358473713e+00,-2.657274221394196889e-01,-1.956793858179506795e+00,-1.804879621843926474e+00,1.896584573858860256e+00,4.616027638078813999e-01,2.909858582335618671e+00,1.832679662742475735e-01,-3.258469157277711359e-01,1.585542815295064578e+00,-7.338092440820208617e-01,-1.029415582032129350e+00,2.369852842328496578e+00,1.000000000000000000e+00,-8.181021196765190240e-01
8.574665002916894707e-01,4.519141095521601037e-01,1.554392924489582217e+00,-1.149174430530768953e+00,-4.205883080737992108e-01,-1.786725507862379214e-01,-8.252492214430031670e-01,1.171700196133808269e+00,1.174050924545749552e+00,2.157519779496601231e+00,5.772592290841065399e-01,3.180378577195445366e+00,-1.919476561356946664e+00,7.676100338678325530e-01,2.027594967601491049e+00,-3.706535036209428480e-01,-9.001997163005699409e-01,3.055093302358104168e+00,1.000000000000000000e+00,8.731506855387364263e-01
-2.796319028404418816e+00,9.918231014562768344e-01,2.387577039092983799e+00,3.506936807979360582e-01,1.474855603610160992e+00,-9.642739800720227794e-02,2.143726623186674285e+00,1.507370437793480011e+00,-8.346950334400203841e-01,4.315448968928935258e+00,-2.032236828857704847e+00,2.848753000062141716e+00,1.088915165607910129e+00,-1.875319479070669537e+00,2.028189581769465066e-01,-1.686733817861277407e+00,5.019064613544858312e-03,-7.975690142931266546e-01,0.000000000000000000e+00,2.388283663467330342e+00
-1.603814418240304462e+00,-1.621026221497978703e+00,3.544748476067318244e+00,-8.099246921129600318e-01,4.403416237629228291e+00,6.724067129874347071e-01,1.686363903836594957e+00,-7.501445787757213823e-01,2.302342233482042477e+00,6.917992624109313482e+00,-6.158068139519226047e-01,-3.012157867643404652e-01,-4.608124653340577304e+00,-2.508275349754228944e+00,-1.051726124095435644e+00,-3.921075291642661220e+00,1.011861743449194578e-02,-1.049881976757456092e+00,1.000000000000000000e+00,2.534124095896240103e+00
-3.327413221947505412e-02,-4.372810606323293547e-01,3.309943746146754712e-02,3.001565518523493514e-01,-3.976402758769082890e+00,-2.235754604215171026e-01,-1.753480235737872706e+00,5.147662632870894095e-01,-8.081628483067444524e-01,-2.609164201704654129e+00,-1.151305659335030374e+00,3.465250101519457449e+00,1.970951671588298648e+00,2.350549290053122409e+00,1.796124473480632977e+00,2.235369415721412345e+00,-1.652565603976894115e+00,3.227388595631489832e+00,0.000000000000000000e+00,-1.104993247691711922e+00
-1.881698069668493956e+00,1.634748733562412459e+00,-3.479931919423677300e+00,3.894716557385478617e-01,-3.075732402790030129e+00,9.761240372742807647e-02,-7.256994753950133381e-01,1.447303364102929368e+00,2.910224637764725064e-01,-5.813022514807419938e+00,1.137058867046357280e+00,2.688974550789192008e+00,4.238020943214874769e+00,1.856872261379753919e+00,4.830615197622539214e-01,5.001249951852124731e+00,-4.445709011679358502e-01,2.371378539945567354e+00,0.000000000000000000e+00,-1.798388913336092854e+00
-6.085805772033332506e-01,-4.690126406505839424e-02,-2.684306321634089443e+00,1.262774983804344220e-01,-2.428475803036909131e-01,-6.950610037762664506e-01,-1.217878696918582415e+00,-2.155694324219104008e+00,-1.437734690981049113e+00,-4.907498638748390540e+00,-1.331680294745843027e-02,-2.540056712271729467e+00,4.308328484245191325e-02,5.560722077850901446e-01,-1.584958948946378232e+00,1.564827994850154447e+00,8.925990458723437326e-02,-1.269981171760178107e+00,0.000000000000000000e+00,-2.076102397015878509e+00
-8.631886566244239001e-01,1.198760919347699572e+00,-3.719750089485168942e+00,-1.311108467043862857e+00,-1.455954933947429808e+00,1.534457034985268753e-01,2.520304854245946635e-01,2.796753201081559226e+00,4.112619706982867385e-01,-3.289093170808444100e+00,-2.364117922003712013e-01,-1.462780645152526926e+00,2.386769266296497882e-01,4.857643554312351952e-01,-1.389042646394772484e+00,1.080688211513989305e+00,8.948267637544204955e-01,-3.137455042791658322e+00,0.000000000000000000e+00,-1.599238393180413054e+00
7.171171991867657525e-01,8.904959576703715962e-01,6.563824756761491575e-01,4.359847168109755033e-01,-1.938163222105214745e+00,-5.529916912186549210e-02,-2.904202891170447609e-01,-5.415718764874213331e-01,1.137898777890294699e+00,2.772534461313262977e-01,3.111565589106507490e-01,3.527349879219841000e-01,6.815371147683626507e-01,7.588760324598335938e-01,9.937880021100081729e-01,-1.198559759193438934e+00,-2.054356011290059958e-01,-8.288938993063443839e-01,1.000000000000000000e+00,1.891263434914677966e+00
4.807712357686020899e-01,1.779934283123325578e+00,2.628765183380442849e+00,9.153050306214525200e-01,1.933882412862926170e+00,-2.433445764625877805e-01,6.145571710903835472e-01,7.838784795113351578e-01,-1.197851621966600000e+00,4.532371424246168345e+00,-6.202736639643083860e-01,-2.609712619823030266e+00,-1.070592073127415444e+00,-1.157875307644488760e+00,-8.510545877849684526e-01,-3.507373112857328223e+00,4.570640609642118712e-01,-1.368190025898901485e+00,1.000000000000000000e+00,1.594465918431208884e+00
2.867876183680135860e-01,-5.101097406140553403e-01,-5.008886909724166614e+00,1.257903112204277640e+00,-5.636054493578805946e+00,4.586796761836319791e-01,-1.195497708611534815e+00,6.909913371367666368e-01,2.700892144868381806e+00,-8.244111202209177591e+00,-3.006693645400137505e-01,-4.304041326828786929e-01,4.463868091654543235e+00,3.268798451135460414e+00,3.556154117111477442e-01,5.215139789296861395e+00,-4.500379114244363321e-01,-2.672556177679960010e-01,0.000000000000000000e+00,-1.620945293229675066e+00
-8.761954720624194615e-03,2.005025512388932452e+00,7.278441600884554274e-01,-5.818688018948789953e-01,1.775007425222685509e-02,3.886578875928912158e-01,-6.580574846642438247e-02,2.428289020890255223e-01,8.571960352470120448e-01,-1.483202299409648539e+00,1.121357050181066128e+00,-6.030559541530577050e+00,3.906251734157563105e-01,-5.301625292023953717e-01,-3.231354584957867537e+00,-1.634264216235224776e+00,1.188698022005306054e+00,-4.321737769316387201e+00,1.000000000000000000e+00,1.677429640216796969e+00
-4.589360495528378436e-01,1.638027235752649968e+00,4.666862893831824621e+00,2.772043584385951442e-01,4.504130182249337366e+00,2.415838555724925396e-01,1.386865654827392325e+00,1.761326090406050371e+00,1.497333984356306047e+00,7.906014796265933064e+00,-1.337231588889519873e+00,1.081997086416626397e+00,-4.572399189503818739e+00,-2.609507437742312419e+00,-6.483304015964654887e-01,-5.352510509801365224e+00,4.629675217662231335e-01,-5.762255826686256688e-01,1.000000000000000000e+00,3.559516793949821789e+00
-1.178432552223056262e-01,-3.344821081934164220e-02,1.826151907978106337e-01,5.556091773662229505e-01,-1.790127767432009742e+00,-1.885270762081001361e-01,-3.903605779175085555e-01,-2.111556645491809547e+00,2.016390584175631773e+00,-5.625609884722881482e+00,1.545806005155552665e+00,-3.762765391357762113e+00,2.560395122264247370e+00,1.145786610815324069e+00,-2.148396794401926435e+00,3.236890623805455114e-02,1.400584548580738886e+00,-3.258137747869688905e+00,0.000000000000000000e+00,8.367323037097492699e-01
-4.855949568472383571e-01,-7.258810946864446834e-01,-1.987280307911919897e+00,-7.893767869622748679e-01,-4.000057045182395576e+00,7.402942077059420090e-01,-1.699041335848500589e+00,4.145505091083853677e-01,8.703600325401619209e-01,-6.165529714793518856e+00,-3.669767578955943077e-01,2.126651418262121229e+00,1.047015577739148107e+00,3.391147835032410018e+00,1.028781455507337350e+00,4.217004843290864891e+00,-6.881489270150950022e-01,9.276584726905088285e-01,0.000000000000000000e+00,-1.849526333414335255e+00
1.609444787449374747e-01,-3.838396325708553353e-02,4.142293596984076842e+00,1.018196988386355972e+00,5.199771696075685679e-01,1.201838391284368729e-01,6.031159763683869857e-01,1.120282444956264278e+00,1.660018333274093205e+00,5.473546942632932399e+00,-1.073286172533689742e+00,6.739563440680476081e-01,-1.167844405181898276e-01,-8.840424342724468865e-01,1.283545227293820590e+00,-2.420691741259118235e+00,-1.321654723431381073e-01,1.608222903543991222e+00,1.000000000000000000e+00,1.618994399356251668e+00
-4.629395483973424569e-02,7.080415116689262600e-01,1.631039547276426527e+00,1.663567700528519655e+00,8.497625732274218802e-01,1.142673337477005530e-01,3.925474005407788014e-01,1.257084217833306927e-01,6.459582272985180396e-01,1.158116938452260936e+00,-8.923904417523745303e-02,-9.138774057977139265e-02,-7.606607136951729631e-01,3.481191629640848495e-01,9.208097110849495781e-01,-8.294981540897172767e-01,-3.405016706156221429e-01,2.665054513200824093e-01,1.000000000000000000e+00,1.599339851989310501e+00
