3.231940358458318951e-01,-5.015984256849168599e-01,1.239410660631274474e+00,-3.543433935984493383e-03,2.788484823564577830e+00,-3.122900380575983625e-01,1.471786397528595192e+00,-9.093083562231192296e-01,-6.479281849353301093e-01,5.330708582053353517e+00,-8.233241407306772786e-01,-1.716202994838122997e-02,-2.052954356574693939e+00,-1.458182956800133434e+00,-2.195307336452523295e-01,-1.619549550363650336e+00,-6.947968499961251210e-01,1.834333657045668975e+00,1.000000000000000000e+00,-2.279238396714977632e+00
9.361376631398378168e-01,1.105896621809177915e+00,2.057893223961168694e+00,-2.672544044828171206e-01,5.138983979706499561e+00,-5.405448882113771392e-01,1.890375944894555182e+00,-6.803656295920103014e-01,-1.872284570721707730e+00,2.888970495696780105e+00,-4.270939946699279371e-03,-4.551113887837566985e+00,-2.969634608522203401e+00,-2.980462126862595706e+00,-2.332604085354098800e+00,-3.381345526821225356e+00,1.151612877695896708e+00,-3.185776516457074159e+00,1.000000000000000000e+00,1.382929352688349489e+00
-6.401221171166762147e-01,-4.270331578283260709e-01,-1.765068142865127143e+00,-3.253668418469310344e-03,-1.188318137622411008e+00,-8.231987833585758807e-01,-3.568066197393849892e-01,1.492771297105063955e+00,2.171461439022137618e-01,8.003154100524408898e-01,-1.699283798719642746e+00,5.214483352946315264e+00,7.960454437009003570e-01,5.698005583681065023e-01,2.576449582545341066e+00,2.126392219977145004e+00,-6.509988606366058361e-01,3.171289118756363212e+00,0.000000000000000000e+00,-2.033018779545022081e+00
4.393046825298124181e-01,3.184742063233509946e-01,-2.681675787837638492e+00,-4.231719516750368504e-01,-2.022876173679395428e+00,9.021118050266553334e-01,-8.094496350643461957e-01,-1.171119116650774394e+00,3.415336445874329052e-01,-5.247690781777711422e+00,9.652843482327081448e-01,-2.493136504776890305e+00,1.244332492472806084e+00,1.204441235565054003e+00,-1.553034829376775061e+00,2.093004512212125245e+00,9.861751701596657704e-02,-1.305457071531698876e+00,0.000000000000000000e+00,5.142960081735894473e-01
-8.736726565629913954e-02,-8.863252529055062334e-01,-1.911937895109315111e+00,-5.030452208098928901e-01,3.124955269564673621e+00,-5.635407104735254968e-01,8.817541380273579144e-01,-1.902377126883630254e+00,-1.777734047011839680e-01,8.457985218431069985e-01,1.227456155202332339e-01,-3.075517219242194233e+00,-2.387504274335304988e+00,-1.588191704884925004e+00,-1.771851042450756086e+00,-8.740882277826251823e-01,3.151337855071446176e-02,-2.460544816539568913e+00,0.000000000000000000e+00,-7.880993138579173163e-01
2.851503401282878158e+00,-8.380770246679555835e-02,-4.990063700240248146e-01,1.685475987899836658e+00,-1.445091820936593496e+00,-4.861280581004927548e-01,2.895830088002196434e-01,1.515563726632727981e+00,-2.340772498806343638e+00,-2.072777779103716966e+00,1.296632037094703760e-01,-1.630563807467522164e-01,9.145495589985391804e-01,-7.499439785867839658e-02,1.315591880361184352e+00,2.348291751670731564e+00,-4.590871651165949752e-01,1.885005083717729901e+00,1.000000000000000000e+00,-4.566175096405477585e-01
-1.978566030978440027e-01,-1.002963787369348658e+00,-3.079743171366682297e-01,6.457557771970572347e-01,3.043419808853842223e+00,1.137086534006088279e+00,6.430928197364447207e-01,-1.492395875567135155e-01,1.464108414835732619e+00,2.816027317408529296e+00,1.852472279144628642e+00,-2.235184639349319546e+00,-1.837649004134153330e+00,-1.557719087014154624e+00,-6.792061593062276303e-01,-2.406775162385199174e+00,9.478550819666964333e-01,-8.850070048432282510e-01,1.000000000000000000e+00,-7.874287498308188971e-01
-6.357385672660673670e-01,6.280464010358676186e-01,-2.126509087440593859e+00,6.840188682646307639e-01,-1.721041036734696883e+00,-3.581373845009930973e-02,-1.298440309027959039e+00,2.053440255707574269e-01,-6.656847976474822293e-01,-6.486546512306509804e+00,-1.070422012148970037e+00,-3.548874395499269863e+00,-1.572281435004649897e-01,4.164656656739913476e-01,-1.848974596527364289e+00,6.584369936221714514e-01,8.753775074543858059e-01,-3.264018411252862961e+00,0.000000000000000000e+00,-2.480946160742357076e+00
-4.997798064711347354e-01,-9.682545883051875135e-01,1.667079997609468567e+00,-1.119797859441834964e+00,2.583450877292090553e+00,-8.877015910718590030e-02,-2.029936498345849549e-01,-1.172741717835469322e+00,4.014517953862035138e-01,1.998638730948881559e+00,1.129269880782760582e+00,-8.824085923204205706e-02,-1.945417028053260555e+00,-9.454437297825097897e-01,2.590783415706027215e-02,-2.278232122421837147e+00,3.000707447359374780e-01,-8.343046875743937996e-01,0.000000000000000000e+00,3.286375819695154021e+00
-1.599971924210738194e+00,6.794530797342291928e-01,-2.147211002344805664e+00,1.619544694272214036e+00,1.088658975758337810e+00,5.884163667283149879e-01,-6.485721559602615205e-01,-1.062084051337506052e+00,1.670777564877754751e+00,-5.176606210470045433e+00,-2.204627351028115925e-02,-3.745944276415763774e+00,-1.290547799391547956e+00,1.449162246889645900e-01,-1.986044307072204695e+00,1.483540841911804353e+00,1.272843759720813095e+00,-3.114648408169236493e+00,0.000000000000000000e+00,-1.722138818128908566e+00
7.724891430108498103e-01,1.130967207206017289e-01,4.614753163852224560e+00,4.537942206528010614e-01,3.735910230857561132e+00,1.882680701420963998e-01,1.723604728586612955e-01,-2.459565252234818256e-01,-7.011069069995443104e-02,3.846017342522936033e+00,1.716341777892295695e-01,3.605383135105092229e+00,-2.360770315055994661e+00,-1.595559659971144351e+00,2.284980017491577975e+00,-2.174860107471222825e+00,-7.546772842200802911e-01,2.384912332328104068e+00,0.000000000000000000e+00,3.035902289479732286e+00
4.461736865049331646e-01,-1.029912968544179019e+00,3.966500544751928370e+00,-3.576747286288032429e-02,3.072147608213561032e+00,-6.149399290752116665e-01,8.986018589682753799e-01,-3.921286827287368548e-01,2.551994106647689775e-01,3.549025524651713059e+00,-4.518871378416890461e-01,1.062531281684006901e+00,-2.108634218046116171e+00,-2.118773717043635152e+00,5.339302257787039707e-01,-2.005536035009856999e+00,-1.125499464213524758e+00,2.116797865958177649e-01,1.000000000000000000e+00,1.329974292689572568e+00
-3.349480306331637514e-01,-9.668212427762491734e-02,-3.052319321541046016e-01,-4.929913386120921698e-02,-9.823848934442147574e-01,-3.052520545852362988e-01,-1.210109218500679124e-01,1.230664204635546932e+00,1.085954082343948190e+00,-1.762081259124719690e+00,1.818162353741625548e-01,1.899042193401526246e+00,1.901000897105991738e+00,6.460830713751031240e-01,1.462656785464711895e+00,3.645530070858613580e-01,-7.430213232678809510e-01,3.411564081914091329e-01,1.000000000000000000e+00,1.498767364091956600e-01
-2.013834375257360643e-01,-4.955620704194550058e-02,-1.527014748220675511e+00,1.239420136869495148e-01,-2.208830999525843719e-01,9.958321335546362896e-01,-4.082554432588577087e-01,-3.874568224920116877e-01,1.282361562453449011e-01,-6.434906359756209504e+00,6.682975032698289519e-01,7.163489343569905410e-01,-1.217821354581730686e+00,5.344199056332067377e-01,-5.517330206331725329e-01,1.744738992830873192e+00,1.397030032596533689e+00,-2.095970881573555378e+00,0.000000000000000000e+00,-1.447312525200094901e+00
7.587276760389667363e-01,-9.855492271607861898e-01,-4.482065373324420898e-01,1.032173942610831618e+00,1.350488961267442445e+00,-6.302612321364974290e-01,8.037841084212854481e-01,2.501183181134672751e+00,-3.816839772640968631e-01,2.240739829303408648e+00,-8.778313761898628442e-01,-6.357387337412956363e-02,-3.565648885677491498e-01,-9.875020218852129661e-01,-4.536437764029470632e-01,-1.250902475326552965e+00,8.612062358864216449e-01,-2.000895279813041938e-02,1.000000000000000000e+00,-9.786045192426044981e-01
-2.873910892832386987e-01,1.521074768312919157e-01,-3.061997820177542184e-01,-9.478991543457163660e-01,2.309111570346643383e+00,-6.915227459274309041e-01,2.503500279894974034e-01,-1.618956702853724394e+00,-1.502155809574592826e+00,3.882482740853029357e-01,8.122445704461794813e-01,-3.018157605081636774e+00,-1.431325755088424856e+00,-1.282070962824264804e+00,-1.599931760294630578e+00,-2.847616890284652591e+00,1.002282560027625724e+00,-3.430932640720370852e+00,1.000000000000000000e+00,1.561304452277568311e+00
-1.131471277872668546e+00,1.104343660447979492e+00,2.668518491335202913e+00,-4.213959807451161388e-01,1.198413805144896260e+00,3.788624738036143191e-01,7.337041471225785871e-01,-1.498671994205124758e+00,1.152307930584663520e+00,5.662070168285040950e+00,-9.247005216125313287e-02,3.957062021104852612e+00,-8.707800307230606496e-01,-8.141681590696674409e-01,1.066219708605698591e+00,-2.932350246084154399e+00,1.323023682575003579e-01,1.363710381201872712e+00,0.000000000000000000e+00,-3.177755060149902722e-01
1.037557491529767839e+00,9.424678829480178655e-01,-3.059316347119981350e-01,-1.959988236593911859e+00,-8.927982926984969758e-01,-5.458503944914910172e-02,2.721622962913848587e-02,4.403141694827799602e-01,-7.129473394877896553e-01,-2.876526852280238966e-01,7.666192614963006635e-01,-4.735071091477472294e+00,1.297175776211553444e+00,3.833036619267889966e-01,-1.817149332395684658e+00,7.725607840677658489e-01,-1.484004867568634867e-01,1.717153391398540396e-01,0.000000000000000000e+00,-5.472622075809517872e-01
1.626943612941738615e-01,6.979663896094028264e-01,1.539983683282879712e+00,1.248766940767399358e+00,4.379045844483794525e+00,9.594730374475924917e-01,9.470693307973561126e-01,-1.521955824680971903e+00,1.277378254799884205e+00,1.086676780829114364e+01,1.718542942675054253e-01,-1.658257426114826627e+00,-3.904587056233799203e+00,-2.254649283793265901e+00,-6.655250779389428883e-01,-3.776573085493476256e+00,-5.818010339337104098e-02,1.919084961371944509e+00,1.000000000000000000e+00,1.195720508356962419e+00
1.708515240163984927e+00,-3.027530833698173218e-01,4.078244805723125310e+00,1.575687741721002899e+00,1.003426495599196500e+00,5.668429059723236740e-01,1.143827686392651533e+00,-2.726041897273233650e-01,1.534162898043952561e+00,7.271917901968397047e+00,-1.422970839613511673e+00,3.997846101493823134e+00,8.372258852075463720e-01,-1.644456311623743394e+00,3.001263380044743023e+00,-1.658514154207894720e+00,-1.226317550717139326e+00,3.736489699167496514e+00,1.000000000000000000e+00,1.789275799530144928e+00
-5.699232795708629729e-01,8.343966057056595442e-01,-1.055781273211921389e+00,1.331093647524926649e+00,-1.258300501995252008e+00,-4.936820167928330783e-01,-1.542963855337197820e+00,-1.521449033655496441e-01,-1.724567091576461264e+00,-6.207064960347269178e+00,4.296982655851089850e-01,2.645478353091108570e+00,-6.393983404190924924e-01,1.912824894591473424e+00,7.277857212251259700e-01,3.159258375456803769e+00,-3.191816969559058137e-01,-2.122197721507013135e-02,0.000000000000000000e+00,-6.876867551789440647e-01
1.040630208945839907e+00,1.321111685046122863e+00,2.120481458564086985e+00,1.895490455350739012e+00,7.463519918510996831e-01,-1.096349979437148958e+00,2.377085289124448442e-01,7.577288870306830848e-01,-1.621065533752276577e+00,9.836216104814186068e-01,-8.843780857595320288e-01,5.374179891783209539e-01,9.750770661764642799e-01,-2.053753806467832455e+00,8.093122685436925368e-01,-5.431109811943053423e-01,-4.965429582137653730e-01,3.720434934876475364e-01,1.000000000000000000e+00,3.230302126664341245e+00
-2.213438791907725023e-01,-1.242771519047139117e+00,6.466834521312053496e+00,9.173392209859652091e-01,3.222346809445224558e+00,-6.136589534440857197e-01,8.975553816863023338e-01,-9.454840993035049657e-01,-1.974291924974563850e+00,1.147797828088563321e+01,1.852174991290570949e+00,2.924807363378517877e+00,-2.733622592766720594e+00,-2.062688468952191823e+00,1.010240633264216648e+00,-6.082336972538906927e+00,-1.139765241920334793e+00,1.161698116061227637e+00,1.000000000000000000e+00,4.307772826121916587e+00
1.721450360318168338e+00,1.039742399809173157e-01,1.821471807463896364e-01,5.397775577107488676e-01,-2.307718333731545446e+00,-3.831642618596571848e-01,-3.494250276750043849e-01,2.229651992147708151e-01,8.514432439217378690e-01,1.153303690445407037e+00,-6.124286044614558611e-01,-5.259240066596744256e-01,-3.031544397425449677e-01,1.863071845052757691e+00,-2.787600049885601283e-01,1.983441229956040441e+00,-1.177887898487893104e+00,3.571125324267734324e+00,0.000000000000000000e+00,1.558910515628792459e-01
5.209938286617585984e-02,2.726149497875325969e-02,2.393857401703778365e+00,1.990594161381501470e+00,-9.410670145248767327e-01,-6.288967175160121714e-01,4.740152402073081750e-01,-1.020862227575157544e+00,-2.950769949592340069e-01,5.824114798040379348e+00,1.504685415861163889e-01,2.755367465779270830e+00,1.176440485222199239e+00,-8.757360473476319962e-01,2.132998832301084224e+00,-1.880266453370126989e+00,-1.297692451886749643e+00,2.594050275882669343e+00,1.000000000000000000e+00,1.237291907208855513e+00
-1.244572126322441435e-01,-8.508391894911053743e-01,3.753763574924552593e+00,-1.017757406141388765e+00,1.881675985350846680e+00,1.149449609308508702e+00,5.965345026549228047e-01,-1.978965056046459725e-02,-1.117276432418301102e+00,3.857593993703472446e+00,-1.936774791742572333e-01,7.888990285298564942e-01,-2.166147410969515796e+00,-1.353622713478317863e+00,1.022928611346698879e+00,-1.676506688345317020e+00,1.815501692767783337e-01,1.487488815223108052e+00,1.000000000000000000e+00,3.250781499051634160e+00
1.034923099124402945e+00,6.445771005586810043e-01,-1.105456579151860241e+00,-4.105437220263949416e-01,3.027303805366959644e+00,-1.129764105292016430e+00,1.113381138267692583e+00,1.033227157653270112e+00,-2.983160293100042715e+00,3.145540395770637154e+00,-6.841129325260913996e-01,-3.632717789456024970e+00,-4.235631256506230180e+00,-1.199625902347025042e+00,-1.092004831506819151e+00,-1.702672781018166770e+00,1.130162968978267873e-01,-7.552926618855972940e-01,1.000000000000000000e+00,-5.521174352132510732e-01
-1.015082628667486775e+00,8.165448651573768979e-01,8.861076992845620115e-01,1.074259560477775155e+00,8.654331385799034493e-01,-1.513419877903554145e+00,2.005627610816881345e-01,2.801964323577654792e-03,-1.306839686468459050e+00,-1.164414412153512990e-01,3.828208408882136649e-01,-2.382723438171876040e+00,5.770733991217842362e-01,-7.134982169310898348e-01,-1.834129031815106448e+00,-1.888008549779115919e+00,1.696761872768542068e+00,-3.077010227430739597e+00,0.000000000000000000e+00,1.551558211853940161e+00
-1.246864657800239307e-01,-5.621219726035299180e-01,4.391516596210831125e+00,-4.842759359462684987e-01,1.476566470278973142e+00,-5.332489616539330957e-01,4.433182253917508642e-01,-7.636513309552004358e-01,-1.497697053861109406e+00,3.273814931066184819e+00,6.955590402748885737e-01,-1.522357520394960639e+00,5.949082407353021296e-01,-2.530259666784345551e+00,-1.026360994607693478e+00,-4.288947501623496805e+00,9.474998370909971657e-01,-3.362160642970676072e+00,1.000000000000000000e+00,2.314584427814383005e+00
-1.500781277523915769e+00,4.468205522431364374e-01,1.574191727251504691e+00,2.764187351717916630e-01,3.895651650696825286e+00,-4.088778748760764081e-01,2.221146577369826680e+00,1.062371106024007750e+00,-1.584265937951994774e+00,3.378894563400988371e+00,-8.360041980605488476e-02,-3.837298035195450652e+00,-1.913473717617641068e+00,-2.083212502603504213e+00,-1.756216342963957455e+00,-2.657241722140356366e+00,7.104569573486538836e-01,-2.604681264548601938e+00,1.000000000000000000e+00,1.056844532329318742e+00
5.667907904017579490e-01,-1.691171406990789050e+00,-2.217492004320786858e+00,-8.174579754131370279e-01,-8.266547046202421534e-02,2.698536452719145218e-01,7.050420668393239110e-01,8.028978174225355202e-01,3.700937559786851017e-01,2.066279785409097514e-01,-1.537139931879537291e-02,2.408382038068639375e-01,1.186027308694780569e+00,9.837762111451331393e-01,1.335232511264222932e+00,2.492586691708249091e+00,-2.918981029449901898e-01,2.228018153293088499e+00,1.000000000000000000e+00,-2.409017467438027360e+00
3.098693746917490222e-01,-9.426850216404430993e-01,-1.129969969946276187e-02,4.135978767437601400e-01,2.193200333118654033e+00,7.884917384368537174e-01,7.492168792350448192e-02,4.758679442257622849e-01,-9.325106804832195007e-02,-1.509704967163671974e-01,6.775409861096000075e-01,5.894332934337416230e-01,-3.174427830425402774e+00,-4.394974325822869066e-01,7.260854150784856742e-02,3.545624087531459301e-01,-1.160192401099859660e+00,1.224120051393100983e+00,0.000000000000000000e+00,6.040047982261571580e-01
6.059622789446134777e-02,-2.585714110426417522e-01,-5.196184067336795387e-01,-5.640484991747927168e-01,1.176825304944832951e+00,-3.391712681427075382e-01,1.628549212995583917e-01,1.075570321099770021e+00,-7.645254092317946837e-01,2.224011370621124861e+00,-1.724660320682909864e+00,4.926607183869322171e+00,-1.487314286797574825e+00,3.418784917469427920e-02,3.004679020950308921e+00,1.490452452460780064e+00,-9.580321936750759715e-01,3.759608006497020760e+00,0.000000000000000000e+00,-2.673551277575070273e-01
-1.218704509099636790e-01,1.919584807419790762e+00,-8.241033838978432113e-01,2.680573365439637978e-01,1.124907742809000855e+00,-6.415925052236584603e-02,1.962490240525921192e-01,1.059623506340950261e+00,1.182988905827950799e+00,1.448356546862148153e-01,-9.680343630087907547e-01,-1.830914480465190231e+00,2.219322475087770474e-02,-7.245930355600284090e-01,-6.197819325910699506e-01,-3.683170767008903113e-02,4.325275120817979602e-01,-1.622198328645748644e-01,1.000000000000000000e+00,1.258391864715526776e+00
-9.542800723765939575e-01,-1.544863582712559857e+00,-4.855050100694852766e+00,2.556818594505202658e+00,-1.924314194247087828e+00,3.587211617565057020e-01,5.216155282934591825e-02,3.359890804245814211e-01,-1.255084561294649070e+00,-8.942123124268807288e+00,7.811653802837271732e-01,-9.130283716929357141e+00,1.332315702296672066e+00,1.581211700728899050e+00,-4.143465383807532376e+00,3.584751757663026783e+00,2.000297115811266124e+00,-5.904541355274830927e+00,0.000000000000000000e+00,-3.884150171023820874e+00
-1.512393639496845132e+00,5.834503256858819542e-02,9.772896137535646011e-01,-2.614932363493791545e-01,1.104764173536200822e+00,-3.939166676956746271e-01,7.761194277570124256e-02,7.883387041706686471e-01,4.255932790085725781e-01,2.672981042738047819e+00,-1.595572024159119140e+00,-5.377427083440152744e-01,-3.159335336012352169e-01,-1.041242618788041474e+00,-7.092725238578035940e-01,-1.299335182043405812e+00,2.246533764771264652e-01,-1.184776515601928537e+00,1.000000000000000000e+00,-1.327722865883593784e-01
1.266534966313450417e+00,-6.581953452404724902e-02,-3.837396105348167552e-01,4.374600178151745733e-01,2.451198619036845550e+00,1.068210998538829726e+00,6.481948942263605629e-01,-1.631288259370366478e-01,-7.839130170483001869e-01,3.103964661791264845e+00,-5.571932008526818692e-01,-1.417011965020980924e+00,-2.294759826908970624e+00,-1.522035878779895546e+00,-7.252106437965388785e-02,-1.656623536166861088e+00,8.317178207051451055e-01,-1.082448615312798124e+00,1.000000000000000000e+00,-1.105587467919496580e+00
-6.066883517867996956e-01,-4.617136779818404868e-01,4.485181244855462879e+00,1.430654811294910678e+00,2.618872974076018600e+00,2.183862397557926105e+00,2.374308787409323829e-02,-1.537759547690442874e+00,1.580617212626822310e+00,4.974252843582369188e+00,1.357555506834374093e+00,4.227233165606396170e+00,4.855785991171186478e-01,-1.910789541486183740e+00,1.769129492238551649e+00,-3.336648621737859699e+00,-8.958371253393171418e-01,1.559239215900393605e+00,1.000000000000000000e+00,4.134444313703110829e+00
-3.304783368443052483e-02,2.772304111793284953e+00,-2.940622894184877989e+00,1.344279849020645345e+00,-4.100980485953981791e+00,5.041961217565184006e-01,-1.715204918229498388e+00,-2.021428633473363767e+00,1.157005962790660591e+00,-4.095101556270402732e+00,1.505078304637383069e-01,-1.368002500976972069e+00,4.447957558276655732e+00,2.279379955572007344e+00,-4.880663028384757407e-01,2.941697953068792337e+00,1.049713536577228767e+00,-4.328415527179849676e-01,0.000000000000000000e+00,-2.216967165967306919e+00
9.049616356422072183e-01,-4.206908121719073468e-01,-8.727871383367366009e-01,-1.481458609226867340e+00,-1.534978597451861493e+00,4.522824990000690049e-01,6.797968071613673668e-01,1.571731267978881297e+00,-3.784397986486841559e-01,6.784152998900382370e-01,-9.933438874809006336e-01,1.870041603296566546e+00,2.152860891060376591e+00,-2.142807098340071548e-01,8.685128120288461151e-01,2.947459060694091471e-01,-4.737208975013175172e-01,4.071092137927191379e-01,0.000000000000000000e+00,-2.687728897887883939e+00
1.562946475704520832e+00,-3.838529300622767759e-01,2.141871056618736002e-01,-9.206628062870699791e-01,2.895563426856175404e+00,3.615222537501709410e-01,1.013636036990647638e+00,-2.811553610128278979e-01,8.926033396912721463e-01,2.399741491440453345e+00,-5.693874113702754869e-01,-4.701099375853194040e+00,-3.524879046785001968e+00,-1.728229219769177760e+00,-1.724928132404071501e+00,-4.242338856682470905e+00,1.308323203891454067e+00,-4.697788799259646986e+00,1.000000000000000000e+00,-5.952494004392726579e-01
-2.629988579580899710e-01,3.759608892884008791e-02,-4.108428676484372488e-01,4.657469323229396219e-01,-6.354415727325904983e-01,5.513160630308581167e-01,-3.682925976933852374e-01,-6.717156570307012409e-01,1.071888433300339782e-01,-3.094134768649704714e+00,-8.262982174191960683e-01,-4.044737859907177935e+00,4.182766868090027068e-01,8.948897457982081249e-01,-1.137119222528427009e+00,1.017478221321994170e+00,3.099889767652909689e-01,6.197942783339025485e-01,0.000000000000000000e+00,-8.267947608334920151e-01
-1.986784227472930597e+00,-4.300806462422858134e-01,9.539032514619482095e-01,-5.443653740258047602e-01,-1.205109381937308877e+00,-5.986545298649674773e-01,-3.424503210676537179e-01,-8.486422076508275403e-01,-3.790015565099258410e-01,-3.250614307656807256e-01,7.673853648285726692e-01,4.366206248634105336e+00,2.987042563039077336e-02,7.350318442484734538e-01,2.464991911134750247e+00,1.236456934825582055e+00,-1.252794243011479791e+00,4.733082527691380825e+00,0.000000000000000000e+00,6.572200808353799717e-01
-7.149713496746467056e-01,1.852172323303635793e+00,1.394668019559013761e+00,7.470697768865430799e-01,2.108800480152523527e+00,2.240426569630109110e+00,1.121034365952857215e+00,-3.040076417125787689e-01,1.788188295737447531e+00,2.898689688350282623e+00,-7.399096255510546616e-01,-1.866995636562902128e+00,-2.081992340940387098e+00,-1.326211256441438557e+00,-1.588559174009647190e+00,-2.335473400781088227e+00,1.192055807994764294e+00,-1.906529764906018221e+00,1.000000000000000000e+00,2.379084792859414321e+00
-7.649726494002581090e-01,8.617691229007639481e-03,-3.643490865217455799e+00,1.676610128439776914e-01,-3.414238046717536612e+00,-1.189831694636155790e+00,-5.698073199496533903e-01,7.742472264839215246e-01,-2.874750341852945645e+00,-2.632313478026804265e+00,-3.969070527748119748e-01,2.482637862783312777e+00,4.797646232036819391e+00,1.577293726415487374e+00,2.511875265910209265e+00,3.154848706007257864e+00,1.169333338556141078e-01,2.633583520948293621e+00,0.000000000000000000e+00,-2.317618144713173844e+00
1.085223302976758397e+00,-5.479816206794861921e-01,2.962034652294687764e-01,5.257870209659133431e-01,-9.413221155829056830e-01,7.125549425175756735e-01,-9.984584571625598759e-01,-1.452914744817025650e+00,6.066263315658299016e-01,1.586493343738550221e+00,1.554625447695336282e+00,3.081598309160344940e+00,1.099538868543296299e+00,1.581765472206833278e+00,2.763775408238735132e+00,6.714501448260914440e-01,-5.972200234337112779e-01,4.118101667746635997e+00,1.000000000000000000e+00,-1.967334948058593602e-01
1.469689817580619173e-01,-1.503118740594187930e+00,4.118369589443758860e-01,9.525017323736497676e-01,-1.903460517504357741e+00,1.084543146031490490e+00,3.382533474479484936e-02,3.060868589243479487e-01,1.224699428742274110e+00,3.832574258437312142e+00,-8.434419098417780258e-01,5.773947039111456014e+00,2.131949177050109334e+00,-2.012594340942060189e-02,3.025908311843488185e+00,1.236406955397638452e+00,-1.358265647262048237e+00,5.447427618683025941e+00,0.000000000000000000e+00,3.706321566994386529e+00
-1.223383268369123145e-01,6.562507073244377986e-01,-2.851895769997836894e+00,4.338827284769221637e-01,-1.325364412353203125e+00,2.633664112037421567e+00,-3.170440672031691887e-01,-6.485315733250753834e-01,9.506451471934223019e-01,-3.676320214371505468e+00,1.755931664063613340e+00,-1.587605997416318804e+00,2.322554430375163292e+00,3.046257160868488523e-01,-1.290067941693761933e+00,2.150619090969501546e+00,5.314656622386981777e-01,-3.486278903508344129e-01,0.000000000000000000e+00,-1.588182954041202244e+00
-4.727936589985684557e-01,-1.927377476105766929e+00,1.007614957914091169e+00,-2.788015847008735726e-01,2.138901975082236895e+00,3.774355635578263146e-01,1.834537289115139913e+00,-1.472976049913680141e+00,3.164686994935153042e-01,3.674598083119089420e+00,7.438729395565224500e-01,2.337571833132160659e+00,-1.223079761883998584e+00,-2.196820773537119020e+00,5.283652374283704933e-01,-2.225184822807989349e+00,9.730510049393443772e-01,-1.051175813003429216e+00,1.000000000000000000e+00,8.425963103197164905e-01
-5.638604650713447963e-01,1.046139970895196392e+00,6.246640788108829279e-01,-5.976079996222344315e-01,1.637496509209729334e-01,8.805639293716736038e-01,2.932093630652252703e-01,-1.331755768130287176e+00,8.289469207204908097e-01,6.801293958904766068e-01,3.399852630279417975e-01,2.402327737883978465e+00,4.960147688361953300e-01,4.842049324607166083e-01,1.242128883991063359e+00,5.591034039250222243e-01,-1.298115052392281588e-01,9.128452119721588431e-01,0.000000000000000000e+00,-1.470627950709338716e+00
-1.614468831962793560e+00,7.579299327238550044e-01,-3.220929546401086085e+00,1.364402249648223764e+00,-7.711634094133297257e-01,5.431859204220935711e-01,2.885937722620103285e-01,-8.542134076810166121e-01,5.592509489169066317e-01,-1.210510216107639536e+01,7.912813364575826958e-01,-1.162628638469364795e+01,1.014892499532747294e+00,5.680371718725696351e-01,-7.497350432285937671e+00,7.177080062844720665e-02,3.916743484641806106e+00,-1.197029748311774533e+01,0.000000000000000000e+00,-2.315485853517303294e+00
-1.647769607378681000e-01,-6.490042441615702096e-01,-3.704396148481673201e+00,9.771355191525965544e-01,-1.345138423379271586e+00,1.014086792957852534e+00,-3.674282447221640657e-01,1.935110078438743830e+00,-2.751237341271172143e-01,-9.053472848479572122e+00,-2.388240837339107969e+00,-7.336176715552225502e+00,2.422482802516204181e+00,6.175696696818464559e-01,-3.202537894551230835e+00,1.636628893629157311e+00,1.876444855615248875e+00,-6.234923401788523556e+00,0.000000000000000000e+00,-3.998215999769864304e+00
-4.933629230964778345e-01,-8.047039644135420833e-01,-1.837832957370950426e+00,3.949760520263295716e-01,2.138331473372900859e+00,-2.368390238713596607e-01,1.013762628429663915e+00,7.140850972853378664e-01,9.638554834097312618e-02,3.397346172114281249e+00,1.029645404616387649e+00,-1.505091951022793584e+00,-6.964302319709066991e-01,-1.889952775715297406e+00,6.514553162358249772e-02,-1.434430276045847386e+00,5.931836803554589865e-01,2.585839943094839777e-01,0.000000000000000000e+00,-2.142277444894390648e+00
-1.385354085357429765e+00,-5.731721055241382201e-01,-1.235160802290198756e+00,3.548024923577342560e-01,2.815234016841599018e+00,-8.974378783043486241e-01,-8.386475698941201484e-01,-1.146059720146542560e+00,-4.428081252818721891e-01,7.038780932553223568e-01,2.349710178583941378e-01,1.504332277780623839e+00,-1.174371812046869135e+00,-6.208178583454821986e-01,4.038011266290485457e-01,-1.684952316097331204e-01,-6.755648540815233360e-01,1.135266617575292125e+00,0.000000000000000000e+00,-2.605610341439634325e+00
1.481768996653231696e+00,2.652630017540371088e-01,-4.742402282723917395e+00,-3.011466464182674385e-01,-2.145870280200739444e+00,6.203284834943540577e-02,-1.390680944596966562e+00,4.937290965703802770e-01,-1.886510235116563683e+00,-1.068897938687724203e+00,-8.346433864924104329e-01,1.357519040284743905e+00,2.627890730875851233e+00,1.177728549739306185e+00,1.481810354789557360e+00,1.947959295942376157e+00,1.069087593765633282e-01,9.793077303427346614e-01,1.000000000000000000e+00,-4.083044360842381870e+00
-2.798223416704411770e-01,5.616404167002406189e-02,8.802323704811398919e-01,-1.274380339421210095e+00,1.335881534363462464e+00,-3.053581918559802322e-01,1.243340866108036291e+00,-4.296549077769157288e-02,-2.756058580305500993e-01,7.755649463022740164e+00,3.962394640003630286e-01,2.982200316445196453e+00,5.350294563580206830e-01,-6.649970344940323574e-01,1.903131374093052441e+00,-2.560526570482482445e+00,6.739859005959603078e-02,2.749956625225352891e+00,1.000000000000000000e+00,1.617838907538588833e+00
-8.575132794312523288e-01,9.338659049032909110e-01,-2.542776960384789398e-01,-1.501150709648145121e+00,-1.319599069723381035e+00,-4.427452562082135890e-01,8.105669241130787350e-01,7.189653516048530868e-01,-3.498998489168780313e-01,-4.552360879970058782e+00,-1.427908394883892207e+00,-1.994358072941134985e+00,1.427742355619181058e+00,-4.556620653189747960e-01,-1.140909786459342046e+00,1.262749348022294438e+00,3.692123848915783435e-02,-2.569451947222186394e+00,0.000000000000000000e+00,-1.257933190613736096e+00
2.972262642542163324e-01,3.499302739540269824e-01,-3.013400699743408406e+00,7.457858231841986429e-02,-5.334220208070891145e-01,6.871421549659805228e-01,-2.269176007944335716e-01,-7.608381902375463968e-01,2.060898986160078827e+00,-4.130473631725010364e+00,-4.909296950301662021e-01,-5.523272101813053503e+00,1.322261642499514611e+00,-2.757646058541340928e-02,-2.093109545431539154e+00,-1.634351192051581858e-01,1.088090363618963163e+00,-4.828620992958487790e+00,1.000000000000000000e+00,-2.539718375335967337e+00
1.539965437448471697e-01,-1.166692468972641450e+00,3.300871376637954047e+00,3.246153134018116004e-01,2.235420244821059998e-01,1.136036609764799143e+00,3.113500155603366459e-01,-8.185428065566852096e-01,-1.188871772742650323e+00,9.995258123274432194e+00,-3.780862198653979489e-02,4.740953926495391713e+00,-1.216097149961511192e+00,-2.804781130408100509e-01,2.856469284417146870e+00,-1.480280105550406455e+00,-1.830587410186415465e+00,5.955772954846973555e+00,0.000000000000000000e+00,2.740275754627528038e+00
-5.123806825806718201e-01,9.681526782173989210e-01,1.984049853778844019e+00,-1.646619797757207376e-02,-2.236015862056546788e-01,-9.319869258061280748e-01,-1.358521799461616109e-01,4.723751874036645204e-01,-4.478220589981559141e-01,9.990073957982581465e-01,-1.085603871475718130e+00,-4.532401467492251368e-01,-2.203007513714744792e-01,3.048489939589280051e-01,-3.522388492790284875e-01,-1.595664726685880108e+00,6.753089768007169980e-02,-2.378408064051034554e+00,0.000000000000000000e+00,1.445126771965544954e+00
-1.109152008349936436e+00,-6.900259187203489075e-01,-4.050394197769944249e-01,-8.743223424754917872e-01,1.275605018532279367e+00,2.481974432200144964e-01,1.825898630121277344e-01,4.037442908355550752e-01,2.934204612696090231e-01,-8.044779415713367854e-01,-7.700964714453850668e-01,-4.923275296870612827e+00,3.249820583595387502e-01,-1.297424280025764265e+00,-3.215266281724646902e+00,-2.105017741046891988e+00,1.055774246069775435e+00,-4.211102412402126127e+00,0.000000000000000000e+00,1.141865692286701428e+00
-7.515370862101817817e-01,7.431784095860877182e-01,-1.360706144627334968e+00,-2.217979824519783705e+00,-3.793384057498287998e-01,-8.930939663838591835e-01,-4.262118283820118259e-01,2.326087635052676850e-01,-1.290723200414862770e+00,-7.006803419062047900e-02,-3.848936143250832331e-01,4.061208932927495852e-03,7.784825992712394171e-01,8.113815418285897918e-01,7.061491203805325689e-02,7.856333153251017221e-01,-3.244971030408821400e-01,1.549955206261696805e+00,0.000000000000000000e+00,-1.452364789192705619e+00
-2.646662506687258443e-01,-5.054367560173254059e-01,3.246953801265314521e+00,-1.719022027405241682e+00,2.379955108487026294e+00,-1.316434427102349591e+00,1.040525516701412467e+00,-1.223502925734171853e+00,-1.789019203077304221e+00,1.040003444478252526e+01,9.361682565062930950e-01,7.317802368670853319e+00,-1.097055812561511523e+00,-2.073619863249364759e+00,3.651532851497488075e+00,-2.777141616710690819e+00,-1.199206263805043360e+00,6.635745282036155324e+00,1.000000000000000000e+00,3.150048554377657961e+00
-9.077475312565423948e-01,7.046107900748538322e-01,8.768843460489426089e-01,-1.689316978531832492e+00,-3.226017542438478714e+00,1.195408963610953723e+00,-2.766701223379075536e-01,2.194230246323928268e-01,2.535326952885611496e-01,-1.155683504342584822e+00,6.165771692984525210e-01,5.687875944461271871e+00,2.146318791004145687e+00,2.061402971733968137e+00,3.282906045818515750e+00,2.906132719627123162e+00,-1.557761060297463640e+00,4.753755577837943669e+00,0.000000000000000000e+00,1.574951511896774070e+00
7.498916599895653068e-01,3.080495270869729740e-01,1.569371682032982274e-01,-2.076817336209261285e-03,-3.691525174249076002e+00,1.123112087401623604e+00,-1.348828382205466081e+00,-2.300558695772282614e-02,1.020020068396355617e+00,1.175371062596502147e+00,-1.847277391693204485e-01,3.807645442089454768e+00,3.024399635843491030e+00,1.894871233272510169e+00,2.696076617226498495e+00,1.420572500143271855e+00,-8.299600413931541576e-01,4.155005639225839431e+00,0.000000000000000000e+00,-8.226392597248811667e-01
-9.663885710586422872e-01,-5.741427062507115098e-01,-2.034919787772980548e+00,8.814094513402153108e-01,-5.186933943839511230e+00,7.216070806865432230e-01,-1.004740961325091719e+00,-7.013059891418952363e-01,1.194064080032059882e+00,-4.095080439427539964e+00,1.379802263013161445e+00,4.113692289777329592e+00,7.251348477990202213e+00,2.860429496070116429e+00,2.357114034233860345e+00,5.678948277004611356e+00,-8.364937344622106474e-01,3.212966517065560357e+00,0.000000000000000000e+00,-1.078057610032154390e+00
-2.061021352099824677e-01,-1.119291710205116530e+00,6.364940240540570837e-01,7.279035359324000920e-01,1.358103866418504113e+00,-1.303853449219499749e+00,4.486852636427934859e-01,1.915778906043088980e+00,-4.617124440919593287e-01,2.811589120718017032e+00,9.103436372206873406e-01,3.907222359619824559e+00,-1.394245131944634286e+00,6.522093418287955302e-02,2.695493574874901821e+00,2.465673532557133285e-02,-1.312040076982899706e+00,3.126382484191063238e+00,0.000000000000000000e+00,-1.035549703611418293e+00
-2.429697124602767100e-01,1.888595519945258649e-01,-2.747790610116505050e+00,-2.081489339886960721e+00,-5.323185625948536170e+00,1.042432987384658949e+00,-1.392756965202239239e-01,-1.715987274425550879e+00,1.827981145349834247e+00,-2.171971987151886108e+00,6.809002379457758103e-01,5.397652380031805919e+00,6.197723543575192728e+00,1.798625953305085456e+00,2.919910875705175712e+00,5.158889025592431565e+00,-6.864797353597188456e-01,3.970425106869667875e+00,0.000000000000000000e+00,-2.649405729433158996e+00
-9.510323941724067032e-01,-1.333252744939289747e-01,3.394730522920414106e+00,-1.243135060758210564e+00,-1.107730611138952881e+00,7.735944465666476366e-02,1.521042859883076914e-01,-3.219825712242058380e+00,-1.749618142804353627e-01,5.263835319230700804e-01,1.684809893102840128e+00,-9.239123923714620545e-03,1.569062305134224289e+00,-1.873365493523119207e-01,-7.989638285670633833e-01,-8.365016219216330207e-01,-2.551431487143827614e-01,-8.589257918908439482e-01,0.000000000000000000e+00,4.311307503978866862e+00
-1.233629235237713395e+00,1.561121523501084685e+00,9.285738153384912597e-01,1.434693121090094392e+00,4.993703542471574774e-01,-3.105611374416360482e-01,3.514182677794884246e-01,6.231084836899936086e-03,8.925362247279817751e-01,6.316217257753821812e+00,-1.106057933021627360e+00,6.399377634780957003e+00,1.840199155779835838e+00,-5.331717137564312425e-01,2.438320529618197341e+00,-5.454460203120663486e-01,-7.229947066389366128e-01,3.876306328329119921e+00,0.000000000000000000e+00,1.625771726190655686e+00
-3.189411097547725227e-01,4.815852185737760083e-01,4.420883340598038558e+00,1.187800748685886587e+00,3.699167925026484838e+00,4.286722987842247479e-01,-1.537486700265101314e-01,-1.393210411645426028e+00,1.428540479781257533e+00,3.551787272160078501e+00,1.104023923762781134e+00,-9.323632187279782269e-01,-4.141635689873846005e+00,-1.480984303543763536e+00,-1.558872103063051462e-01,-3.053864768793840057e+00,-6.653317540646158657e-01,4.677955873911232576e-01,1.000000000000000000e+00,2.291423076510215928e+00
7.917857583323456572e-02,7.176432861809165509e-01,-4.475684234281414930e+00,6.001779885447476870e-01,-3.732287924972139237e+00,6.685814870267182686e-01,-6.732626812297423102e-01,-9.446554787989824842e-02,1.191823794914500745e+00,-8.961576959426702516e+00,-1.076221744854247708e+00,-3.614382797062103858e+00,2.647753689557799994e+00,1.804656750751445049e+00,-1.174644699344005838e+00,3.839321581640013914e+00,6.837339125815496965e-01,-1.910159785043784808e+00,0.000000000000000000e+00,-3.747158208726848017e+00
-1.568452947377564577e+00,-1.322544099920249794e-01,-3.030708041274343234e+00,6.587617418963771787e-02,-8.670621933263720216e-01,-1.947165149354123104e+00,2.399667096996798143e-01,-4.253798964626854251e-01,-2.027363828564923587e+00,-3.549711944043581369e+00,-8.804626738883241099e-01,3.931882465749664268e-02,1.959449601926110729e+00,7.307052224889754033e-01,-8.216927315970469214e-01,2.136202595016088779e+00,8.494900880871318893e-01,-1.846266527162104820e+00,0.000000000000000000e+00,-2.831197867120394562e+00
1.878138305769578020e-01,5.737529403402708006e-01,4.018607347160002341e+00,1.872350137096033817e-01,2.485090458220852838e+00,1.060419678948449768e-01,1.642960744608305657e+00,-1.719665497489495931e-01,7.491867460890923036e-01,9.954230261234046750e+00,-7.002595591083442539e-01,6.444308152046591687e+00,-3.249177665928465686e+00,-1.629909797549190076e+00,2.963552888593396162e+00,-3.246047323922838679e+00,-1.587475498541006891e+00,5.150081538332471176e+00,1.000000000000000000e+00,3.726734801302852507e+00
-6.773438966151902330e-01,2.485446993682940975e-01,-9.402498443664375483e-02,4.766425839217121596e-01,-1.369914180057960840e+00,5.638009065549676180e-01,-7.957439580577582161e-01,-2.081913925951373034e+00,1.020030387518250370e+00,-4.594891757366414975e-02,1.029710005223930747e+00,1.453014983581206510e+00,-8.639069299710484540e-01,1.571696747579052644e+00,4.967707795481301480e-01,1.322932277871275764e+00,-2.054453248274477895e-01,3.068030614866036565e+00,0.000000000000000000e+00,2.877009301284033649e-01
9.383184556266186416e-01,1.042543510241732196e+00,1.170251235524530919e-01,-4.381570809227404162e-01,-2.248038485304858725e+00,-2.318353539558130283e+00,-8.673160027938210392e-01,-3.596887612767108999e-01,-1.326090158691791920e+00,5.701677536268920932e-01,1.479317758506765168e+00,7.621033931744549683e-01,2.245788143402182246e+00,8.111885301702299600e-01,7.452362289014162755e-01,4.340151038846964404e-01,-7.440660379213915876e-01,1.563918883133567528e+00,1.000000000000000000e+00,-8.940218141471956148e-01
-3.709515283070319303e-01,1.425033919109506830e-01,-3.319249937484483937e+00,4.194660879366307604e-01,-2.135354266226739295e+00,1.681362136600406398e-01,-1.550374692791577136e+00,5.603332953773451086e-01,4.072327982040682137e-01,-3.557471302397905877e+00,-5.882213832581377755e-01,1.676641583461366602e+00,1.198015934953802430e+00,2.104660259408915657e+00,9.938445295177067429e-01,4.583759886623989033e+00,-4.986904758395737658e-01,3.265265077577328867e+00,0.000000000000000000e+00,-2.888681294117716458e-01
2.280296750011434170e+00,1.111236531820099183e+00,1.603593163072529304e+00,6.784965879972785219e-01,-1.243545989957240305e+00,-4.631028671801683538e-01,1.574507872730894098e+00,-1.732469486192322883e-02,-8.087856856926456395e-01,6.936411812278318045e+00,4.765745024345286462e-01,-2.593181946637559410e+00,3.033198603255889303e+00,-6.703319356930377282e-01,9.689895289588362770e-02,-2.066843494256789704e+00,-2.108896066110375611e-01,1.483678736710503543e+00,1.000000000000000000e+00,-3.820254429818092934e-01
1.590079580430878048e+00,5.204629633303285013e-02,-2.904677192102110617e+00,-3.327568754614865787e-01,-4.816761011873984533e-01,6.652419772557475186e-01,-1.162442735625925483e+00,1.768888620408373136e+00,-5.209627932523882565e-01,-2.045769497283143501e+00,-8.846369970421108508e-01,2.432386335480468897e+00,1.004718032774577052e+00,1.670076502246601757e+00,1.415109984531909282e+00,1.860883475361327699e+00,-2.709850399692194656e-01,1.864769867006116133e+00,1.000000000000000000e+00,-1.634180411924950116e+00
-7.642651109797451436e-01,-3.752461124484290922e-01,-2.874109714649510039e+00,5.601660922626869876e-01,-1.089573820023116202e+00,1.500896416629154961e+00,1.249306272451177480e-01,-1.164571669202348225e+00,3.257937939328425347e+00,-6.004644218504446851e-01,-6.598244626810645386e-01,-2.713488989577292898e+00,-3.962443665827051209e-01,8.427410172768965424e-01,-1.204963461413719461e+00,2.708915944733549797e-01,9.751730718636829331e-02,2.836767236911970080e-01,1.000000000000000000e+00,-6.167287989875627208e-01
-2.112918821870313768e-01,2.113692367785784815e-02,2.490318083257848869e+00,2.471192448650858520e+00,2.678018306193582720e+00,1.020691677623789761e+00,3.901177127587626137e-01,-6.579521576984407316e-01,1.656929856606478957e+00,1.237145630609035152e+00,-9.996826811789060185e-01,-7.189777035853595066e-02,-1.001479195904267039e+00,-1.183571559990634903e+00,-4.551632850876032865e-01,-2.031820347549395223e+00,-4.153648930264655093e-01,-1.568184141890330396e+00,1.000000000000000000e+00,1.848280930001419353e+00
-8.838293684744370771e-02,3.009479815281354553e-01,-2.927487542628146588e-01,-5.880382777529661459e-02,-4.028638552511903947e-01,-2.515310290081403388e-01,-6.278353753544104743e-01,1.372045382612265607e+00,-1.489185562447079114e+00,-1.673868447385481906e+00,-8.273318499234909584e-01,-1.439748276534822402e+00,-4.753222006031815883e-01,8.868630382929227896e-01,6.065289566407167099e-02,1.808803456186866887e+00,-3.031319988735402537e-01,1.379742655087500047e+00,0.000000000000000000e+00,-4.393409851848828485e-03
1.645902053704956458e+00,-5.382149190781759795e-02,3.652876298448792802e-02,6.342284150554334810e-01,-1.572523300625018550e+00,-1.077643960061915429e+00,9.474501472507117494e-01,1.213851671776137842e+00,-1.890732757662261898e+00,9.715631873466556989e-01,-1.547336812257354088e+00,-1.442625242667599839e+00,2.456169736461389697e+00,6.809413405929547469e-01,2.001336078862252510e-01,2.192796371745340256e-01,-6.390707441192667870e-01,9.756622166949590058e-01,1.000000000000000000e+00,-7.286761200160761787e-01
1.699906088230815460e+00,1.392374944674590553e+00,-1.716863888061667787e+00,-1.362656248456527996e-01,8.291643719760982689e-01,1.502943363666728593e-01,-7.203357042255821574e-02,-2.106467359246837479e-01,1.182546241701865952e+00,-2.288759656140873400e+00,6.429939905517051413e-01,-1.086454731762420689e+00,8.700658056944510221e-01,2.144409807775665699e-01,4.243752345279301341e-01,1.647524916807582285e+00,-1.068451745845517137e-01,-3.294135415789869459e-01,1.000000000000000000e+00,-7.501944925997912073e-01
1.380617288901176742e+00,3.048840787843115074e-01,2.566928742453091328e+00,1.262310859917563644e+00,-7.781221965417554898e-02,-3.071785396846068439e-01,6.982976235977172985e-01,-3.695314860354672604e-01,1.174562876979338588e+00,4.580866461403708456e+00,-1.355961612388138393e+00,8.708926152849528757e-01,-1.348975109869547051e+00,-3.969921115717589544e-03,1.133228066616045693e+00,-8.400794321763604966e-01,-1.519032732816756104e+00,4.056778486051793919e+00,1.000000000000000000e+00,1.184350408776851049e+00
-3.334116768116477947e-01,1.497902054034403740e-01,-1.174475346843388612e+00,6.527059562611947641e-01,-1.636090738990649829e-01,-5.817744783061813418e-01,-9.480244060588844945e-01,2.411898806464851663e+00,-6.183479703140235539e-01,-5.403095502328505439e+00,-4.482570077311474055e-01,-3.509105478287055657e+00,-4.350008779410520221e-01,3.624742912807210615e-02,-1.963395690850143982e+00,5.594843051504738707e-01,5.888177943950049231e-01,-2.151503090215513225e+00,0.000000000000000000e+00,-1.145514439755832559e+00
-9.059441786504792704e-01,2.995442667134454728e-01,3.227136325679446305e+00,4.913014501178485927e-01,1.769851896020535831e+00,8.869064656700980098e-01,1.275893149772806545e+00,2.379435646518044400e+00,-2.239996177685009693e-01,1.194231205891843040e+01,-3.113921859976122253e+00,7.762481357459511067e+00,-1.867873055511760416e+00,-1.324222095896075757e+00,3.495846222320677654e+00,-1.603097396797319441e+00,-1.497800470880954249e+00,6.026247059080501067e+00,1.000000000000000000e+00,8.127333692759877160e-01
-5.642826539710527056e-01,-2.034657457644141854e+00,5.614394415805310956e+00,-1.421967034845795785e+00,1.599507569457521372e+00,-4.971267476529052654e-01,3.227141425791254514e-01,1.954266821266175125e-01,1.355539687543323435e+00,7.176566695820262964e+00,1.058013392009192088e+00,1.860645436569887234e+00,-2.070580296930661923e+00,-1.959379244160321498e+00,4.850700076973852859e-01,-4.505769525551698074e+00,-3.774996799310607609e-01,9.328118155971841796e-01,1.000000000000000000e+00,4.451642929353448075e+00
8.140042600178652998e-01,-1.015264125004136986e+00,3.422233333161246449e+00,-1.860828154933346912e-01,-2.700954537624379093e+00,7.968908554823950219e-01,-2.407142115401086080e-01,1.858589017204004268e+00,3.048517202271659787e+00,3.010004567833103106e+00,-1.083028072207508741e+00,4.816157440278792556e+00,2.832017149335052331e+00,7.731694094046595023e-01,2.259678926390785048e+00,1.924917052128356509e-01,-1.491830178101169802e+00,3.363291761932430290e+00,0.000000000000000000e+00,2.647284712888698266e+00
1.729606775119350570e-01,1.188860722454661012e+00,-2.806659197503488246e-01,5.791390211359441764e-01,2.953996084998819605e+00,1.019398980358600104e-01,1.482234925554881011e+00,3.632740967005213539e-01,5.447486473356775299e-02,1.716901697938278737e+00,5.390497196322665552e-01,-4.375079789644135353e+00,-4.443039459395105695e+00,-1.349367002678544925e+00,-2.371537509418313761e+00,-2.462763093033943917e+00,1.562024736493161869e+00,-2.467369570995049610e+00,1.000000000000000000e+00,-8.883940068789999422e-01
-4.534750922611787693e-01,5.653797763984615976e-01,-5.354914896409933789e+00,-8.760119059409839093e-02,-4.241630378518826738e+00,2.670141001579880435e-01,-2.469197266794337153e+00,9.805015279572024123e-02,1.143816054509264379e+00,-1.373184558808332234e+01,-7.568849139685215888e-02,-2.262612604920374082e+00,1.655837624666976815e+00,3.215037697084762947e+00,-1.125831642577801883e+00,5.457294107653645199e+00,3.277478707268571823e-01,-3.094692783008233139e+00,0.000000000000000000e+00,-5.074810951696263395e+00
-5.915565679692668111e-01,7.782157231030985001e-01,1.047669336927162353e+00,1.024281533737442934e-01,3.585453666890873414e+00,-2.684990492042841903e-01,1.611038205549407465e+00,-5.099676394892226350e-01,-1.972130283077018431e+00,5.643631212462021374e+00,4.523454874188011510e-01,1.527201304807899729e-01,-1.417039538627134387e+00,-2.496728658769414189e+00,-2.557420766577045423e-01,-2.353670601909785276e+00,1.992492827090512342e-01,2.964353900449977486e-01,1.000000000000000000e+00,1.452011500124083199e+00
-2.800792099290187132e+00,4.795298550639519042e-01,-1.918911769279971757e+00,7.524550763029721479e-01,-2.070117437011127048e+00,-4.342910051876422983e-01,-9.575367493928359508e-01,-1.334976908449680533e+00,2.337573717813132834e-01,-6.154045479202254754e+00,2.129516151647264266e+00,-7.690098782434386937e-01,-3.029572403062781305e-01,8.764017645726522865e-01,-1.953586284979537346e+00,4.854670264883165220e-01,5.380038382768440597e-01,-3.866165952741884126e+00,0.000000000000000000e+00,-9.655529189015032987e-01
6.270874702063686801e-01,-1.175741909960684506e+00,1.630262920480519684e+00,-1.304996389388129563e+00,-4.998506558996117510e-01,6.230160985885387914e-01,-1.901217244700335873e-01,-5.860346278049632929e-01,-1.359675998880814252e+00,6.651821568351874880e+00,-9.764950373188937549e-01,6.564604133932026464e+00,1.435769040962965093e+00,-1.168392613095167176e-01,3.285480766901692551e+00,-1.648771943684051444e-01,-1.918614115505080209e+00,6.101559268349299181e+00,1.000000000000000000e+00,1.111845227074475639e+00
-6.786575869302604591e-01,1.485573464561746881e+00,-1.292677244952737947e+00,1.021934037888666325e+00,-2.619625160715850498e+00,-5.808784704952396627e-01,-2.037157484025510001e+00,5.899005973417801307e-01,-8.989205555488892774e-01,-1.960893882249305165e+00,2.024499301383642980e+00,4.349077768250658060e+00,2.572142580059037176e+00,1.985056466624926408e+00,3.445946276019204113e+00,2.999235177710362521e+00,-5.913504319326166048e-01,4.830578309554100613e+00,0.000000000000000000e+00,-2.121809790554248565e+00
-1.415113887309684682e+00,9.763396855240101813e-01,3.107879172112867572e+00,9.415432821252754936e-01,5.490465021328038375e+00,-3.215729539268568082e-01,2.488737887705004148e+00,-3.084769918897373731e-01,-8.937709686066437342e-01,8.120594149490212743e+00,5.893655468641215839e-02,-1.599600906954497193e+00,-4.500175537202241394e+00,-4.192221895100457729e+00,-1.584730227502995747e+00,-5.926611049897313244e+00,6.067449645562649208e-01,-2.792915633455166358e+00,1.000000000000000000e+00,3.174763206118027092e+00
9.530560259364596609e-01,6.523258167483244607e-01,-7.278050257162865577e+00,-3.931477047426346072e-01,-6.665206205762058467e+00,6.227396941642565631e-01,-2.406085704963218053e+00,-2.147038480277156935e+00,-4.659431852281314956e-02,-1.385661002694567756e+01,1.331433080447379069e+00,1.298160622243429430e-01,3.981016301657568146e+00,4.148667383427421029e+00,-7.261953820582401908e-01,8.427556291249540976e+00,-2.921709023891368440e-01,-8.843819419258303061e-02,0.000000000000000000e+00,-6.353029790449557623e+00
-2.078774051500552333e-01,6.447890731996980263e-01,-3.918558209699062100e+00,-4.958285353986611188e-01,-4.035183074504876899e+00,-5.986646781338683665e-01,-1.664715359227796787e+00,-1.020970132763736049e-01,8.884823531953316422e-01,-7.112341692884701416e+00,-5.945101131494872071e-01,-5.046188623958353103e-01,4.059460619691972916e+00,1.997236341140323557e+00,-4.555279910849432401e-01,3.775426412942666232e+00,4.261952372974483483e-01,-1.560229205797178498e+00,0.000000000000000000e+00,-1.624279573683285793e+00
-2.033430889397978836e-01,3.552601165855845400e-01,-2.285654992864285528e+00,-2.729043362815699592e-01,6.412272096174286284e-01,-6.234957196791642842e-01,1.627745662584187680e-01,-6.942156482502981341e-01,2.786148323220061229e-01,-3.684956174228528170e+00,1.673720628456415671e+00,-4.702805480441106134e+00,-7.515598760343722429e-01,-9.870221559073155682e-02,-2.788770996740367991e+00,1.138610767912380917e+00,7.287748385429027032e-01,-3.610944092976996700e+00,1.000000000000000000e+00,-2.248477563781720256e+00
1.509661971113784584e-01,-1.220236363276671288e+00,1.748185655000239480e+00,-4.852091622671891868e-01,3.750219199929357483e+00,2.363290562179907184e+00,1.405377355814755536e+00,-1.275454591713972352e+00,1.051418116006423542e+00,5.860558259685763716e+00,5.084137702059128294e-01,-1.703690360022524386e+00,-3.307001033739846996e+00,-2.686498170011447861e+00,-8.408124893051176496e-01,-3.823107050584565680e+00,1.446948276207960793e-01,-6.167256863708514558e-02,1.000000000000000000e+00,9.244304118506100343e-01
